verdict	base_entry	target_entry	base_instructions	target_instructions	entry_delta	prediction_error	ram_delta	raw_agreement
relocated	0x020000c4	0x020000c4	1	1	+0x0	+0x0	-	1.000
relocated	0x020000c6	0x020000c6	17	17	+0x0	+0x0	-	1.000
ram_relocated	0x020000f8	0x020000f8	58	58	+0x0	+0x0	+0x46	0.931
relocated	0x02000292	0x02000292	6	6	+0x0	+0x0	-	1.000
ram_relocated	0x020004b8	0x020004b8	90	90	+0x0	+0x0	+0x44	0.944
relocated	0x020005b2	0x020005b2	12	12	+0x0	+0x0	-	1.000
ram_relocated	0x020005cc	0x020005cc	44	44	+0x0	+0x0	+0x44	0.955
constants_changed	0x02000644	0x02000644	4	4	+0x0	+0x0	+0x40	0.500
relocated	0x02000652	0x02000652	5	5	+0x0	+0x0	-	1.000
relocated	0x02000660	0x02000660	4	4	+0x0	+0x0	-	1.000
constants_changed	0x02000694	0x02000694	6	6	+0x0	+0x0	+0x40	0.667
ram_relocated	0x020006a6	0x020006a6	6	6	+0x0	+0x0	+0x40	0.833
constants_changed	0x020006b8	0x020006b8	7	7	+0x0	+0x0	+0x40	0.714
ram_relocated	0x020006cc	0x020006cc	6	6	+0x0	+0x0	+0x40	0.833
ram_relocated	0x020006dc	0x020006dc	4	4	+0x0	+0x0	+0x40	0.750
ram_relocated	0x020006e8	0x020006e8	11	11	+0x0	+0x0	+0x40	0.909
constants_changed	0x020007e0	0x020007e0	18	18	+0x0	+0x0	+0x40	0.833
constants_changed	0x02000812	0x02000812	11	11	+0x0	+0x0	+0x40	0.545
constants_changed	0x0200083c	0x0200083c	7	7	+0x0	+0x0	+0x40	0.714
constants_changed	0x02000852	0x02000852	16	16	+0x0	+0x0	+0x40	0.688
relocated	0x02000aa6	0x02000aa6	16	16	+0x0	+0x0	-	1.000
relocated	0x02000ad4	0x02000ad4	28	28	+0x0	+0x0	-	0.929
constants_changed	0x02000b1c	0x02000b1c	173	173	+0x0	+0x0	-	0.977
relocated	0x020014d6	0x020014d8	4	4	+0x2	+0x0	-	1.000
relocated	0x020014e2	0x020014e4	4	4	+0x2	+0x0	-	1.000
relocated	0x020014ee	0x020014f0	21	21	+0x2	+0x0	-	1.000
relocated	0x0200152a	0x0200152c	47	47	+0x2	+0x0	-	0.979
relocated	0x020016d2	0x020016d4	6	6	+0x2	+0x0	-	1.000
constants_changed	0x0200173e	0x02001740	29	29	+0x2	+0x0	+0x40	0.828
relocated	0x020017c2	0x020017c4	23	23	+0x2	+0x0	-	1.000
constants_changed	0x02001dfa	0x02001dfc	68	68	+0x2	+0x0	+0x1a0	0.691
relocated	0x02001ef0	0x02001ef2	22	22	+0x2	+0x0	-	0.864
relocated	0x02001f2c	0x02001f2e	34	34	+0x2	+0x0	-	0.882
ram_relocated	0x0200251c	0x0200251e	5	5	+0x2	+0x0	+0x44	0.800
relocated	0x0200255a	0x0200255c	5	5	+0x2	+0x0	-	1.000
constants_changed	0x02002566	0x02002568	38	38	+0x2	+0x0	+0x40,+0x44	0.868
relocated	0x020025de	0x020025e0	5	5	+0x2	+0x0	-	1.000
constants_changed	0x020025ea	0x020025ec	26	26	+0x2	+0x0	+0x40	0.769
constants_changed	0x02002658	0x0200265a	14	14	+0x2	+0x0	+0x40	0.786
constants_changed	0x02002686	0x02002688	166	166	+0x2	+0x0	+0x40,+0x44	0.892
relocated	0x02002872	0x02002874	7	7	+0x2	+0x0	-	1.000
relocated	0x02002882	0x02002884	17	17	+0x2	+0x0	-	0.824
ram_relocated	0x020028b0	0x020028b2	19	19	+0x2	+0x0	+0x84	0.842
relocated	0x020028e8	0x020028ea	52	52	+0x2	+0x0	-	0.962
relocated	0x0200297e	0x02002980	16	16	+0x2	+0x0	-	1.000
relocated	0x020029a4	0x020029a6	39	39	+0x2	+0x0	-	0.974
relocated	0x02002a10	0x02002a12	148	148	+0x2	+0x0	-	0.993
constants_changed	0x02002e7e	0x02002e80	442	442	+0x2	+0x0	-	0.996
relocated	0x020033ce	0x020033d0	10	10	+0x2	+0x0	-	1.000
constants_changed	0x020033e4	0x020033e6	79	79	+0x2	+0x0	+0x40,+0x64	0.924
ram_relocated	0x020034cc	0x020034ce	6	6	+0x2	+0x0	+0x44	0.833
constants_changed	0x020034de	0x020034e0	13	13	+0x2	+0x0	+0x40	0.692
constants_changed	0x0200350a	0x0200350c	40	40	+0x2	+0x0	+0x40	0.700
relocated	0x02003586	0x02003588	24	24	+0x2	+0x0	-	0.917
constants_changed	0x020035c2	0x020035c4	57	57	+0x2	+0x0	+0x40,+0x1a0	0.895
constants_changed	0x02003670	0x02003672	125	125	+0x2	+0x0	+0x40,+0x44	0.872
relocated	0x020037f4	0x020037f6	3	3	+0x2	+0x0	-	1.000
ram_relocated	0x020037fa	0x020037fc	111	111	+0x2	+0x0	+0x44	0.982
relocated	0x0200392a	0x0200392c	139	139	+0x2	+0x0	-	0.964
relocated	0x02003aac	0x02003aae	61	61	+0x2	+0x0	-	1.000
relocated	0x02003b62	0x02003b64	21	21	+0x2	+0x0	-	0.905
relocated	0x02003ba6	0x02003ba8	3	3	+0x2	+0x0	-	1.000
relocated	0x02003bac	0x02003bae	5	5	+0x2	+0x0	-	1.000
ram_relocated	0x02003bb8	0x02003bba	123	123	+0x2	+0x0	+0x44	0.968
relocated	0x02003d30	0x02003d32	5	5	+0x2	+0x0	-	1.000
relocated	0x02003d3c	0x02003d3e	6	6	+0x2	+0x0	-	1.000
relocated	0x02003d4a	0x02003d4c	28	28	+0x2	+0x0	-	0.857
ram_relocated	0x02003d9c	0x02003d9e	27	27	+0x2	+0x0	+0x1a0	0.778
relocated	0x02003dee	0x02003df0	16	16	+0x2	+0x0	-	0.938
ram_relocated	0x02003e16	0x02003e18	61	61	+0x2	+0x0	+0x1a0	0.869
ram_relocated	0x02003eba	0x02003ebc	11	11	+0x2	+0x0	+0x1a0	0.909
relocated	0x02003ed6	0x02003ed8	10	10	+0x2	+0x0	-	0.900
relocated	0x02003ef0	0x02003ef2	18	18	+0x2	+0x0	-	1.000
relocated	0x02003f30	0x02003f32	22	22	+0x2	+0x0	-	1.000
relocated	0x02003f72	0x02003f74	5	5	+0x2	+0x0	-	0.800
relocated	0x02003f82	0x02003f84	8	8	+0x2	+0x0	-	0.875
ram_relocated	0x02003f9a	0x02003f9c	41	41	+0x2	+0x0	+0x40,+0x44	0.902
relocated	0x02004050	0x02004052	29	29	+0x2	+0x0	-	1.000
relocated	0x020040a4	0x020040a6	5	5	+0x2	+0x0	-	0.800
ram_relocated	0x020040b4	0x020040b6	41	41	+0x2	+0x0	+0x40,+0x44	0.902
relocated	0x0200416c	0x0200416e	13	13	+0x2	+0x0	-	1.000
relocated	0x02004192	0x02004194	31	31	+0x2	+0x0	-	1.000
relocated	0x020041f0	0x020041f2	5	5	+0x2	+0x0	-	0.800
relocated	0x02004200	0x02004202	25	25	+0x2	+0x0	-	0.840
ram_relocated	0x0200424c	0x0200424e	41	41	+0x2	+0x0	+0x40,+0x44	0.902
relocated	0x020042fc	0x020042fe	13	13	+0x2	+0x0	-	1.000
relocated	0x02004322	0x02004324	5	5	+0x2	+0x0	-	0.800
ram_relocated	0x02004332	0x02004334	41	41	+0x2	+0x0	+0x40,+0x44	0.902
ram_relocated	0x0200440c	0x0200440e	9	9	+0x2	+0x0	+0x84	0.778
constants_changed	0x0200442e	0x02004430	14	14	+0x2	+0x0	+0x40,+0x44	0.786
relocated	0x0200463a	0x0200463c	9	9	+0x2	+0x0	-	1.000
constants_changed	0x0200464e	0x02004650	8	8	+0x2	+0x0	+0x40	0.750
relocated	0x02004668	0x0200466a	8	8	+0x2	+0x0	-	1.000
constants_changed	0x02004678	0x0200467a	76	76	+0x2	+0x0	+0x40,+0x44	0.908
relocated	0x02004796	0x02004798	30	30	+0x2	+0x0	-	1.000
constants_changed	0x020047d8	0x020047da	45	45	+0x2	+0x0	+0x40,+0x1a0	0.733
relocated	0x02004870	0x02004872	9	9	+0x2	+0x0	-	1.000
relocated	0x02004884	0x02004886	8	8	+0x2	+0x0	-	1.000
structural	0x02004896	0x02004898	81	81	+0x2	+0x0	-	0.864
relocated	0x02004a54	0x02004a56	12	12	+0x2	+0x0	-	0.917
constants_changed	0x02004a7a	0x02004a7c	45	45	+0x2	+0x0	+0x40,+0x1a0	0.756
relocated	0x02004b02	0x02004b04	9	9	+0x2	+0x0	-	1.000
relocated	0x02004b16	0x02004b18	13	13	+0x2	+0x0	-	0.846
ram_relocated	0x02004b40	0x02004b42	34	34	+0x2	+0x0	+0x40,+0x44	0.882
relocated	0x02004bee	0x02004bf0	9	9	+0x2	+0x0	-	0.778
ram_relocated	0x02004c0a	0x02004c0c	34	34	+0x2	+0x0	+0x40,+0x44	0.941
ram_relocated	0x02004e8e	0x02004e90	10	10	+0x2	+0x0	+0x84	0.800
constants_changed	0x02005152	0x02005152	23	23	+0x0	+0x0	+0x40	0.870
constants_changed	0x02005512	0x02005512	8	8	+0x0	+0x0	+0x40	0.500
constants_changed	0x0200552e	0x0200552e	22	22	+0x0	+0x0	+0x40	0.636
constants_changed	0x0200558e	0x0200558e	10	10	+0x0	+0x0	+0x40	0.700
constants_changed	0x020055f8	0x020055f8	7	7	+0x0	+0x0	+0x40	0.571
constants_changed	0x0200562c	0x0200562c	7	7	+0x0	+0x0	+0x40	0.571
constants_changed	0x02005660	0x02005660	117	117	+0x0	+0x0	+0x40	0.872
relocated	0x02006762	0x02006754	4	4	-0xe	-0x12	-	0.750
structural	0x0200676c	0x0200675e	7	7	-0xe	-0x12	-	0.571
relocated	0x02006782	0x02006776	6	6	-0xc	+0x0	-	1.000
ram_relocated	0x02007424	0x02007418	21	21	-0xc	+0x0	+0x40	0.905
ram_relocated	0x02007460	0x02007454	10	10	-0xc	+0x0	+0x64	0.900
ram_relocated	0x0200747e	0x02007472	10	10	-0xc	+0x0	+0x64	0.900
relocated	0x02007552	0x02007546	28	28	-0xc	+0x0	-	0.964
relocated	0x020075e0	0x020075d4	2	2	-0xc	+0x0	-	1.000
constants_changed	0x020075e6	0x020075da	18	18	-0xc	+0x0	+0x40	0.833
ram_relocated	0x02007618	0x0200760c	38	38	-0xc	+0x0	+0x64	0.947
relocated	0x02007696	0x0200768a	17	17	-0xc	+0x0	-	1.000
relocated	0x020076c4	0x020076b8	5	5	-0xc	+0x0	-	1.000
ram_relocated	0x0200774a	0x0200773e	47	47	-0xc	+0x0	+0x44	0.957
relocated	0x020077d0	0x020077c4	21	21	-0xc	+0x0	-	1.000
ram_relocated	0x0200789a	0x0200788e	41	41	-0xc	+0x0	+0x64	0.951
ram_relocated	0x020079a0	0x02007994	47	47	-0xc	+0x0	+0x44	0.957
ram_relocated	0x02007cfc	0x02007cf0	8	8	-0xc	+0x0	+0x64	0.875
relocated	0x02007d16	0x02007d0a	8	8	-0xc	+0x0	-	1.000
constants_changed	0x02007d9e	0x02007d92	85	85	-0xc	+0x0	+0x40,+0x64	0.941
ram_relocated	0x02008148	0x0200813c	47	47	-0xc	+0x0	+0x44	0.957
relocated	0x020086be	0x020086b2	26	26	-0xc	+0x0	-	0.885
relocated	0x020087e6	0x020087da	52	52	-0xc	+0x0	-	0.942
ram_relocated	0x0200890a	0x020088fe	37	37	-0xc	+0x0	+0x44	0.946
ram_relocated	0x02008978	0x0200896c	25	25	-0xc	+0x0	+0x44	0.920
ram_relocated	0x02008a26	0x02008a1a	25	25	-0xc	+0x0	+0x44	0.920
relocated	0x0200982c	0x02009836	5	5	+0xa	+0x0	-	1.000
relocated	0x02009906	0x02009910	4	4	+0xa	+0x0	-	1.000
relocated	0x02009912	0x0200991c	38	38	+0xa	+0x0	-	1.000
relocated	0x02009972	0x0200997c	161	161	+0xa	+0x0	-	0.994
relocated	0x02009bec	0x02009bf6	4	4	+0xa	+0x0	-	1.000
relocated	0x02009bf6	0x02009c00	9	9	+0xa	+0x0	-	1.000
relocated	0x02009c0e	0x02009c18	16	16	+0xa	+0x0	-	1.000
relocated	0x02009c34	0x02009c3e	90	90	+0xa	+0x0	-	1.000
ram_relocated	0x02009d1c	0x02009d26	21	21	+0xa	+0x0	+0x40	0.952
relocated	0x02009d74	0x02009d7e	6	6	+0xa	+0x0	-	1.000
relocated	0x02009d84	0x02009d8e	9	9	+0xa	+0x0	-	1.000
relocated	0x02009e64	0x02009e6e	6	6	+0xa	+0x0	-	1.000
relocated	0x02009eee	0x02009ef8	12	12	+0xa	+0x0	-	1.000
ram_relocated	0x02009f70	0x02009f7a	16	16	+0xa	+0x0	+0x40	0.875
ram_relocated	0x02009f98	0x02009fa2	6	6	+0xa	+0x0	+0x40	0.667
relocated	0x02009fae	0x02009fb8	70	70	+0xa	+0x0	-	1.000
relocated	0x0200a06c	0x0200a076	4	4	+0xa	+0x0	-	1.000
relocated	0x0200a074	0x0200a07e	32	32	+0xa	+0x0	-	1.000
relocated	0x0200a0c8	0x0200a0d2	4	4	+0xa	+0x0	-	1.000
relocated	0x0200a0d4	0x0200a0de	4	4	+0xa	+0x0	-	1.000
structural	0x0200a150	0x0200a160	18	51	+0x10	+0x0	-	0.778
relocated	0x0200a1f2	0x0200a202	13	13	+0x10	+0x0	-	1.000
relocated	0x0200a26c	0x0200a27c	12	12	+0x10	+0x0	-	0.917
ram_relocated	0x0200a28c	0x0200a29c	13	13	+0x10	+0x0	+0x40	0.692
relocated	0x0200a2b4	0x0200a2c4	4	4	+0x10	+0x0	-	1.000
relocated	0x0200a2be	0x0200a2ce	5	5	+0x10	+0x0	-	1.000
relocated	0x0200a2ca	0x0200a2da	6	6	+0x10	+0x0	-	1.000
constants_changed	0x0200a2d6	0x0200a2e6	25	25	+0x10	+0x0	+0x40	0.840
ram_relocated	0x0200a318	0x0200a328	8	8	+0x10	+0x0	+0x40	0.875
ram_relocated	0x0200a32e	0x0200a33e	8	8	+0x10	+0x0	+0x40	0.875
ram_relocated	0x0200a344	0x0200a354	8	8	+0x10	+0x0	+0x40	0.875
relocated	0x0200a35a	0x0200a36a	30	30	+0x10	+0x0	-	1.000
ram_relocated	0x0200a3c6	0x0200a3d6	66	66	+0x10	+0x0	+0x40	0.985
ram_relocated	0x0200a474	0x0200a484	16	16	+0x10	+0x0	+0x40	0.938
ram_relocated	0x0200a49e	0x0200a4ae	16	16	+0x10	+0x0	+0x40	0.938
relocated	0x0200a4c8	0x0200a4d8	111	111	+0x10	+0x0	-	1.000
relocated	0x0200a614	0x0200a624	52	52	+0x10	+0x0	-	1.000
ram_relocated	0x0200a6b0	0x0200a6c0	76	76	+0x10	+0x0	+0x40	0.974
relocated	0x0200a7b2	0x0200a7c2	29	29	+0x10	+0x0	-	1.000
relocated	0x0200a800	0x0200a810	13	13	+0x10	+0x0	-	0.923
ram_relocated	0x0200a828	0x0200a838	21	21	+0x10	+0x0	+0x40	0.905
relocated	0x0200a868	0x0200a878	12	12	+0x10	+0x0	-	0.917
relocated	0x0200a8c0	0x0200a8d0	18	18	+0x10	+0x0	-	0.889
ram_relocated	0x0200a8fc	0x0200a90c	57	57	+0x10	+0x0	+0x40	0.947
relocated	0x0200a9e8	0x0200a9f8	82	82	+0x10	+0x0	-	0.988
constants_changed	0x0200aaf4	0x0200ab04	9	9	+0x10	+0x0	+0x40	0.556
constants_changed	0x0200ab10	0x0200ab20	28	28	+0x10	+0x0	+0x40	0.929
constants_changed	0x0200ad74	0x0200ad84	49	49	+0x10	+0x0	+0x40	0.898
relocated	0x0200ae1a	0x0200ae2a	4	4	+0x10	+0x0	-	1.000
relocated	0x0200aeba	0x0200aeca	83	83	+0x10	+0x0	-	0.976
relocated	0x0200af8e	0x0200af9e	19	19	+0x10	+0x0	-	0.947
relocated	0x0200afba	0x0200afca	16	16	+0x10	+0x0	-	0.938
relocated	0x0200afe8	0x0200aff8	3	3	+0x10	+0x0	-	0.667
relocated	0x0200aff0	0x0200b000	20	20	+0x10	+0x0	-	1.000
relocated	0x0200b1de	0x0200b1f6	17	17	+0x18	+0x0	-	0.941
ram_relocated	0x0200b30a	0x0200b322	14	14	+0x18	+0x0	+0x84	0.929
relocated	0x0200b32e	0x0200b346	322	322	+0x18	+0x0	-	0.885
relocated	0x0200b6d6	0x0200b6ee	6	6	+0x18	+0x0	-	1.000
relocated	0x0200b6ea	0x0200b702	9	9	+0x18	+0x0	-	1.000
relocated	0x0200b6fe	0x0200b716	9	9	+0x18	+0x0	-	0.889
relocated	0x0200b7d6	0x0200b7ee	6	6	+0x18	+0x0	-	1.000
relocated	0x0200b840	0x0200b858	17	17	+0x18	+0x0	-	0.882
relocated	0x0200b8e6	0x0200b8fe	9	9	+0x18	+0x0	-	1.000
relocated	0x0200b912	0x0200b92a	9	9	+0x18	+0x0	-	0.889
relocated	0x0200b9a2	0x0200b9ba	5	5	+0x18	+0x0	-	1.000
relocated	0x0200b9b2	0x0200b9ca	25	25	+0x18	+0x0	-	0.920
relocated	0x0200ba6e	0x0200ba86	5	5	+0x18	+0x0	-	1.000
relocated	0x0200ba7e	0x0200ba96	10	10	+0x18	+0x0	-	1.000
ram_relocated	0x0200ba98	0x0200bab0	10	10	+0x18	+0x0	+0x40	0.900
constants_changed	0x0200bab4	0x0200bacc	84	84	+0x18	+0x0	+0x40	0.929
relocated	0x0200c032	0x0200c04a	10	10	+0x18	+0x0	-	1.000
relocated	0x0200c04e	0x0200c066	25	25	+0x18	+0x0	-	0.920
relocated	0x0200c086	0x0200c09e	6	6	+0x18	+0x0	-	1.000
relocated	0x0200c098	0x0200c0b0	9	9	+0x18	+0x0	-	1.000
relocated	0x0200c0b2	0x0200c0ca	35	35	+0x18	+0x0	-	0.971
relocated	0x0200c108	0x0200c120	24	24	+0x18	+0x0	-	0.917
constants_changed	0x0200c148	0x0200c160	87	87	+0x18	+0x0	-	0.839
relocated	0x0200c254	0x0200c26c	6	6	+0x18	+0x0	-	1.000
relocated	0x0200c266	0x0200c27e	37	37	+0x18	+0x0	-	0.919
ram_relocated	0x0200cd4a	0x0200cd62	11	11	+0x18	+0x0	+0x40	0.818
relocated	0x0200cfb8	0x0200cfd0	7	7	+0x18	+0x0	-	1.000
relocated	0x0200cfca	0x0200cfe2	28	28	+0x18	+0x0	-	0.929
relocated	0x0200d014	0x0200d02c	10	10	+0x18	+0x0	-	1.000
relocated	0x0200d3b4	0x0200d3cc	16	16	+0x18	+0x0	-	1.000
ram_relocated	0x0200d3d8	0x0200d3f0	281	281	+0x18	+0x0	+0x84	0.975
ram_relocated	0x0200d7e8	0x0200d800	17	17	+0x18	+0x0	+0x40	0.941
ram_relocated	0x0200d816	0x0200d82e	26	26	+0x18	+0x0	+0x40	0.923
relocated	0x0200d85c	0x0200d874	11	11	+0x18	+0x0	-	0.909
relocated	0x0200e43a	0x0200e452	20	20	+0x18	+0x0	-	0.950
relocated	0x0200e474	0x0200e48c	70	70	+0x18	+0x0	-	0.914
relocated	0x0200e53a	0x0200e552	18	18	+0x18	+0x0	-	1.000
relocated	0x0200e826	0x0200e83e	21	21	+0x18	+0x0	-	0.905
constants_changed	0x0200e888	0x0200e8a0	34	34	+0x18	+0x0	+0x40	0.853
relocated	0x0200e8de	0x0200e8f6	14	14	+0x18	+0x0	-	0.929
relocated	0x0200e900	0x0200e918	18	18	+0x18	+0x0	-	0.889
relocated	0x0200e936	0x0200e94e	78	78	+0x18	+0x0	-	1.000
relocated	0x0200ea18	0x0200ea30	23	23	+0x18	+0x0	-	1.000
relocated	0x0200ea50	0x0200ea68	23	23	+0x18	+0x0	-	1.000
relocated	0x0200ea82	0x0200ea9a	11	11	+0x18	+0x0	-	1.000
constants_changed	0x0200ea9a	0x0200eab2	147	147	+0x18	+0x0	-	0.993
relocated	0x0200ec5c	0x0200ec74	15	15	+0x18	+0x0	-	1.000
relocated	0x0200ec7e	0x0200ec96	49	49	+0x18	+0x0	-	1.000
relocated	0x0200f412	0x0200f42a	24	24	+0x18	+0x0	-	1.000
relocated	0x0200f450	0x0200f468	5	5	+0x18	+0x0	-	0.800
relocated	0x0200f45c	0x0200f474	6	6	+0x18	+0x0	-	1.000
relocated	0x0200f46c	0x0200f484	8	8	+0x18	+0x0	-	1.000
relocated	0x0200f484	0x0200f49c	24	24	+0x18	+0x0	-	0.958
relocated	0x0200f4d6	0x0200f4ee	188	188	+0x18	+0x0	-	1.000
relocated	0x0200f710	0x0200f728	14	14	+0x18	+0x0	-	0.929
relocated	0x0200f734	0x0200f74c	3	3	+0x18	+0x0	-	1.000
relocated	0x0200f73a	0x0200f752	9	9	+0x18	+0x0	-	1.000
constants_changed	0x0200f74c	0x0200f764	216	216	+0x18	+0x0	+0x40	0.861
relocated	0x0200faa8	0x0200fac0	38	38	+0x18	+0x0	-	0.921
ram_relocated	0x0200fb8c	0x0200fba4	36	36	+0x18	+0x0	+0x40	0.889
relocated	0x0200fc02	0x0200fc1a	21	21	+0x18	+0x0	-	1.000
structural	0x0200fc34	0x0200fc4c	350	344	+0x18	+0x0	-	0.666
ram_relocated	0x02010038	0x02010050	124	124	+0x18	+0x0	+0x40	0.968
relocated	0x02010692	0x020106aa	358	358	+0x18	+0x0	-	0.994
relocated	0x0201107a	0x02011096	128	128	+0x1c	+0x0	-	0.969
relocated	0x020111ac	0x020111c8	24	24	+0x1c	+0x0	-	0.917
relocated	0x020112b6	0x020112d2	18	18	+0x1c	+0x0	-	0.833
relocated	0x020112e8	0x02011304	26	26	+0x1c	+0x0	-	1.000
relocated	0x020117e6	0x02011802	106	106	+0x1c	+0x0	-	0.981
relocated	0x0201190c	0x02011928	25	25	+0x1c	+0x0	-	0.920
relocated	0x0201194a	0x02011966	44	44	+0x1c	+0x0	-	0.955
relocated	0x02013a00	0x02013a1c	53	53	+0x1c	+0x0	-	0.924
ram_relocated	0x02013aa0	0x02013abc	32	32	+0x1c	+0x0	+0x40	0.938
relocated	0x02017c12	0x02017c32	14	14	+0x20	+0x0	-	1.000
relocated	0x02017cc2	0x02017ce2	36	36	+0x20	+0x0	-	0.750
relocated	0x02017d28	0x02017d48	39	39	+0x20	+0x0	-	0.744
relocated	0x02017d96	0x02017db6	7	7	+0x20	+0x0	-	0.857
relocated	0x02017de0	0x02017e00	14	14	+0x20	+0x0	-	0.929
relocated	0x02017e02	0x02017e22	10	10	+0x20	+0x0	-	0.900
relocated	0x02017eae	0x02017ece	32	32	+0x20	+0x0	-	0.938
relocated	0x0201844e	0x0201846e	7	7	+0x20	+0x0	-	1.000
relocated	0x02018478	0x02018498	43	43	+0x20	+0x0	-	0.977
relocated	0x020184ec	0x0201850c	44	44	+0x20	+0x0	-	0.977
relocated	0x02018566	0x02018586	9	9	+0x20	+0x0	-	1.000
relocated	0x02018578	0x02018598	72	72	+0x20	+0x0	-	1.000
relocated	0x02018648	0x02018668	9	9	+0x20	+0x0	-	1.000
relocated	0x02018bee	0x02018c0e	9	9	+0x20	+0x0	-	1.000
relocated	0x0201903c	0x0201905c	5	5	+0x20	+0x0	-	0.800
relocated	0x0201927a	0x0201929a	2	2	+0x20	+0x0	-	1.000
relocated	0x02019346	0x02019366	8	8	+0x20	+0x0	-	0.875
relocated	0x02019386	0x020193a6	92	92	+0x20	+0x0	-	0.870
relocated	0x0201a1bc	0x0201a1e0	18	18	+0x24	+0x0	-	0.889
relocated	0x0201a67c	0x0201a6a0	40	40	+0x24	+0x0	-	0.825
ram_relocated	0x0201b51a	0x0201b548	27	27	+0x2e	+0x0	+0x88	0.963
structural	0x0201b570	0x0201b59e	66	66	+0x2e	+0x0	-	0.788
relocated	0x0201bac2	0x0201bb78	9	9	+0xb6	+0x0	-	1.000
constants_changed	0x0201bb80	0x0201bc36	23	23	+0xb6	+0x0	+0x40	0.870
constants_changed	0x0201bdca	0x0201be80	11	11	+0xb6	+0x0	+0x40	0.818
constants_changed	0x0201bdee	0x0201bea4	54	54	+0xb6	+0x0	+0x40,+0x44	0.889
constants_changed	0x0201be96	0x0201bf4c	41	41	+0xb6	+0x0	+0x40,+0x44,+0x190	0.805
constants_changed	0x0201c4e4	0x0201c5a2	39	39	+0xbe	+0xc	+0x40	0.769
relocated	0x0201c564	0x0201c622	1	1	+0xbe	+0x0	-	1.000
relocated	0x0201c59e	0x0201c65c	30	30	+0xbe	+0x0	-	1.000
ram_relocated	0x0201c5ec	0x0201c6aa	107	107	+0xbe	+0x0	+0x88	0.963
constants_changed	0x0201c73c	0x0201c80a	20	20	+0xce	+0x0	+0x40	0.800
constants_changed	0x0201c82e	0x0201c8fc	20	20	+0xce	+0x0	+0x40	0.800
constants_changed	0x0201d074	0x0201d22c	102	102	+0x1b8	+0x0	+0x40	0.814
relocated	0x0201dd8e	0x0201dfce	7	7	+0x240	+0x0	-	0.857
constants_changed	0x0201de84	0x0201e0c4	17	17	+0x240	+0x0	+0x40	0.824
structural	0x0201e13e	0x0201e340	70	105	+0x202	+0x0	-	1.000
constants_changed	0x0201e64a	0x0201e8e0	69	69	+0x296	+0x0	+0x40	0.812
relocated	0x0201e846	0x0201e9fe	84	84	+0x1b8	+0x0	-	1.000
relocated	0x0201e960	0x0201eb18	22	22	+0x1b8	+0x0	-	0.909
ram_relocated	0x0201e9aa	0x0201eb62	80	80	+0x1b8	+0x0	+0x40	0.875
relocated	0x0201ea80	0x0201ec38	10	10	+0x1b8	+0x0	-	1.000
relocated	0x0201ea94	0x0201ec4c	15	15	+0x1b8	+0x0	-	1.000
ram_relocated	0x0201eab2	0x0201ec6a	42	42	+0x1b8	+0x0	+0x40	0.809
relocated	0x0201eb3e	0x0201ecf6	8	8	+0x1b8	+0x0	-	0.875
relocated	0x0201eb54	0x0201ed0c	11	11	+0x1b8	+0x0	-	0.818
constants_changed	0x0201eb74	0x0201ed2c	89	89	+0x1b8	+0x0	+0x40	0.854
relocated	0x0201ec66	0x0201ee1e	6	6	+0x1b8	+0x0	-	0.833
relocated	0x0201ec74	0x0201ee2c	6	6	+0x1b8	+0x0	-	0.833
relocated	0x0201ec82	0x0201ee3a	8	8	+0x1b8	+0x0	-	0.875
relocated	0x0201ec9a	0x0201ee52	32	32	+0x1b8	+0x0	-	0.875
relocated	0x0201ecee	0x0201eea6	6	6	+0x1b8	+0x0	-	0.833
relocated	0x0201ecfe	0x0201eeb6	6	6	+0x1b8	+0x0	-	0.833
relocated	0x0201ed0e	0x0201eec6	6	6	+0x1b8	+0x0	-	0.833
relocated	0x0201ed1e	0x0201eed6	20	20	+0x1b8	+0x0	-	0.850
relocated	0x0201ed52	0x0201ef0a	10	10	+0x1b8	+0x0	-	1.000
relocated	0x0201ed66	0x0201ef1e	6	6	+0x1b8	+0x0	-	0.833
relocated	0x0201ed76	0x0201ef2e	6	6	+0x1b8	+0x0	-	0.833
relocated	0x0201ed84	0x0201ef3c	6	6	+0x1b8	+0x0	-	0.833
relocated	0x0201ed94	0x0201ef4c	6	6	+0x1b8	+0x0	-	0.833
relocated	0x0201eda4	0x0201ef5c	6	6	+0x1b8	+0x0	-	0.833
relocated	0x0201edb4	0x0201ef6c	6	6	+0x1b8	+0x0	-	0.833
relocated	0x0201edc4	0x0201ef7c	36	36	+0x1b8	+0x0	-	0.972
relocated	0x0201ee1a	0x0201efd2	5	5	+0x1b8	+0x0	-	0.800
relocated	0x0201ee26	0x0201efde	6	6	+0x1b8	+0x0	-	0.833
relocated	0x0201ee36	0x0201efee	6	6	+0x1b8	+0x0	-	0.833
relocated	0x0201ee44	0x0201effc	6	6	+0x1b8	+0x0	-	0.833
relocated	0x0201ee54	0x0201f00c	53	53	+0x1b8	+0x0	-	0.924
relocated	0x0201eef4	0x0201f0ac	8	8	+0x1b8	+0x0	-	0.875
constants_changed	0x0201ef0a	0x0201f0c2	42	42	+0x1b8	+0x0	+0x40	0.738
relocated	0x0201f02e	0x0201f1e6	5	5	+0x1b8	+0x0	-	0.800
relocated	0x0201f150	0x0201f308	28	28	+0x1b8	+0x0	-	0.750
constants_changed	0x0201f1ac	0x0201f364	146	146	+0x1b8	+0x0	+0x40	0.870
constants_changed	0x0201f5d8	0x0201f790	220	220	+0x1b8	+0x0	+0x40	0.886
constants_changed	0x0201f84a	0x0201fa02	266	266	+0x1b8	+0x0	+0x40	0.887
relocated	0x0201fb66	0x0201fd1e	6	6	+0x1b8	+0x0	-	0.833
relocated	0x0201fb76	0x0201fd2e	6	6	+0x1b8	+0x0	-	0.833
relocated	0x0201fb84	0x0201fd3c	6	6	+0x1b8	+0x0	-	0.833
relocated	0x0201fb92	0x0201fd4a	8	8	+0x1b8	+0x0	-	0.875
relocated	0x0201fbaa	0x0201fd62	31	31	+0x1b8	+0x0	-	0.903
relocated	0x0201fbfc	0x0201fdb4	6	6	+0x1b8	+0x0	-	0.833
relocated	0x0201fc0e	0x0201fdc6	6	6	+0x1b8	+0x0	-	0.833
relocated	0x0201fc20	0x0201fdd8	5	5	+0x1b8	+0x0	-	0.800
relocated	0x0201fc2e	0x0201fde6	16	16	+0x1b8	+0x0	-	1.000
relocated	0x0201fc54	0x0201fe0c	112	112	+0x1b8	+0x0	-	1.000
relocated	0x0201fd9e	0x0201ff56	4	4	+0x1b8	+0x0	-	1.000
relocated	0x0201fe44	0x0201fffc	43	43	+0x1b8	+0x0	-	1.000
relocated	0x0201fec8	0x02020080	389	389	+0x1b8	+0x0	-	0.997
relocated	0x020202ca	0x02020482	11	11	+0x1b8	+0x0	-	0.909
relocated	0x020202e6	0x0202049e	47	47	+0x1b8	+0x0	-	0.915
relocated	0x0202035e	0x02020516	8	8	+0x1b8	+0x0	-	0.875
constants_changed	0x020234a4	0x0202602a	90	90	+0x2b86	+0x0	+0x40	0.800
structural	0x020235bc	0x02026142	16	16	+0x2b86	+0x0	-	0.625
constants_changed	0x02023ad4	0x02026668	5	5	+0x2b94	+0x0	-	0.800
constants_changed	0x02023b0a	0x0202669e	11	11	+0x2b94	+0x0	+0x40	0.636
constants_changed	0x02023c42	0x020267d6	21	21	+0x2b94	+0x0	+0x40	0.809
constants_changed	0x02023c82	0x02026816	27	27	+0x2b94	+0x0	-	0.963
constants_changed	0x02023db0	0x02026944	23	23	+0x2b94	+0x0	-	0.957
relocated	0x02023df2	0x02026986	5	5	+0x2b94	+0x0	-	0.800
relocated	0x0202423c	0x02026dd0	25	25	+0x2b94	+0x0	-	0.960
constants_changed	0x02028e46	0x02029704	9	9	+0x8be	+0x0	+0x40	0.778
constants_changed	0x02028e64	0x02029722	10	10	+0x8be	+0x0	+0x40	0.800
structural	0x02028e86	0x02029744	10	10	+0x8be	+0x0	-	0.800
structural	0x02028ea6	0x02029764	10	10	+0x8be	+0x0	-	0.800
ram_relocated	0x02028ec8	0x02029786	12	12	+0x8be	+0x0	+0x84	0.833
ram_relocated	0x02028eea	0x020297a8	12	12	+0x8be	+0x0	+0x84	0.833
constants_changed	0x020291f8	0x02029ab6	25	25	+0x8be	+0x0	+0x40	0.600
constants_changed	0x02029244	0x02029b02	25	25	+0x8be	+0x0	+0x40	0.640
constants_changed	0x02029a8c	0x0202a330	37	37	+0x8a4	+0x0	+0x40	0.865
constants_changed	0x0202a088	0x0202a9e0	13	13	+0x958	+0x0	+0x40	0.846
ram_relocated	0x0202ba58	0x0202c404	94	94	+0x9ac	+0x0	+0x44	0.947
relocated	0x0202bb5c	0x0202c508	5	5	+0x9ac	+0x0	-	1.000
relocated	0x0202bb68	0x0202c514	23	23	+0x9ac	+0x0	-	1.000
relocated	0x0202bba0	0x0202c54c	6	6	+0x9ac	+0x0	-	1.000
ram_relocated	0x0202bbae	0x0202c55a	42	42	+0x9ac	+0x0	+0x44	0.952
ram_relocated	0x0202bc22	0x0202c5ce	184	184	+0x9ac	+0x0	+0x44	0.891
relocated	0x0202be60	0x0202c80c	34	34	+0x9ac	+0x0	-	0.853
relocated	0x0202bec2	0x0202c86e	3	3	+0x9ac	+0x0	-	1.000
relocated	0x0202bec8	0x0202c874	27	27	+0x9ac	+0x0	-	0.815
constants_changed	0x0202bf14	0x0202c8c0	7	7	+0x9ac	+0x0	+0x40	0.571
relocated	0x0202bf2c	0x0202c8d8	6	6	+0x9ac	+0x0	-	1.000
constants_changed	0x0202bf3a	0x0202c8e6	7	7	+0x9ac	+0x0	+0x40	0.429
relocated	0x0202bf52	0x0202c8fe	4	4	+0x9ac	+0x0	-	0.750
relocated	0x0202bf60	0x0202c90c	4	4	+0x9ac	+0x0	-	0.750
constants_changed	0x0202bf6e	0x0202c91a	12	12	+0x9ac	+0x0	+0x40	0.667
ram_relocated	0x0202c4fc	0x0202cea8	10	10	+0x9ac	+0x0	+0x1a0	0.800
relocated	0x0202c51e	0x0202ceca	3	3	+0x9ac	+0x0	-	0.667
relocated	0x0202c528	0x0202ced4	14	14	+0x9ac	+0x0	-	0.929
constants_changed	0x0202c548	0x0202cef4	5	5	+0x9ac	+0x0	+0x40	0.600
constants_changed	0x0202c55c	0x0202cf08	34	34	+0x9ac	+0x0	+0x40	0.882
ram_relocated	0x0202c5ba	0x0202cf66	8	8	+0x9ac	+0x0	+0x1a0	0.750
constants_changed	0x0202c5d6	0x0202cf82	21	21	+0x9ac	+0x0	+0x40	0.809
constants_changed	0x0202c616	0x0202cfc2	33	33	+0x9ac	+0x0	+0x40	0.849
relocated	0x0202c674	0x0202d020	24	24	+0x9ac	+0x0	-	0.917
constants_changed	0x0202c6ac	0x0202d058	116	116	+0x9ac	+0x0	+0x40	0.862
constants_changed	0x0202c82c	0x0202d1d8	53	53	+0x9ac	+0x0	+0x40	0.774
constants_changed	0x0202c8e0	0x0202d28c	20	20	+0x9ac	+0x0	+0x40	0.800
constants_changed	0x0202c91c	0x0202d2c8	20	20	+0x9ac	+0x0	+0x40	0.850
relocated	0x0202c958	0x0202d304	3	3	+0x9ac	+0x0	-	0.667
relocated	0x0202c960	0x0202d30c	95	95	+0x9ac	+0x0	-	0.916
constants_changed	0x0202caa2	0x0202d44e	30	30	+0x9ac	+0x0	+0x40	0.833
relocated	0x0202cd72	0x0202d71e	10	10	+0x9ac	+0x0	-	0.900
constants_changed	0x0202cd88	0x0202d734	37	37	+0x9ac	+0x0	-	0.892
constants_changed	0x0202cdf2	0x0202d79e	112	112	+0x9ac	+0x0	+0x40	0.866
relocated	0x0202cf38	0x0202d8e4	3	3	+0x9ac	+0x0	-	0.667
constants_changed	0x0202cf42	0x0202d8ee	71	71	+0x9ac	+0x0	+0x40	0.845
ram_relocated	0x0202d028	0x0202d9d4	5	5	+0x9ac	+0x0	+0x84	0.800
constants_changed	0x0202d28c	0x0202dc3c	33	33	+0x9b0	+0x4	+0x40	0.727
constants_changed	0x0202d3ac	0x0202dd5c	50	50	+0x9b0	+0x0	+0x40	0.900
relocated	0x0202d61e	0x0202dfdc	31	31	+0x9be	+0x0	-	0.903
relocated	0x0202d66e	0x0202e02c	28	28	+0x9be	+0x0	-	0.929
relocated	0x0202d7a6	0x0202e164	1	1	+0x9be	+0x0	-	1.000
relocated	0x0202d7c0	0x0202e17e	33	33	+0x9be	+0x0	-	0.909
relocated	0x0202d816	0x0202e1d4	57	57	+0x9be	+0x0	-	1.000
constants_changed	0x0202d89c	0x0202e25a	8	8	+0x9be	+0x0	+0x40	0.625
ram_relocated	0x0202de56	0x0202e814	15	15	+0x9be	+0x0	+0x40	0.800
relocated	0x0202e12a	0x0202eae8	21	21	+0x9be	+0x0	-	1.000
ram_relocated	0x0202e164	0x0202eb22	60	60	+0x9be	+0x0	+0x44	0.933
structural	0x0202e206	0x0202ebc4	39	39	+0x9be	+0x0	-	0.949
relocated	0x0202e4ae	0x0202ee6c	6	6	+0x9be	+0x0	-	1.000
relocated	0x0202e4ba	0x0202ee78	4	4	+0x9be	+0x0	-	1.000
relocated	0x0202e4c4	0x0202ee82	9	9	+0x9be	+0x0	-	1.000
relocated	0x0202e4da	0x0202ee98	36	36	+0x9be	+0x0	-	1.000
structural	0x0202e52a	0x0202eee8	141	135	+0x9be	+0x0	-	0.745
relocated	0x0202e6d8	0x0202f096	13	13	+0x9be	+0x0	-	0.923
ram_relocated	0x0202e6f8	0x0202f0b6	57	57	+0x9be	+0x0	+0x40	0.860
relocated	0x0202e7a2	0x0202f160	27	27	+0x9be	+0x0	-	1.000
relocated	0x0202e7e4	0x0202f1a2	34	34	+0x9be	+0x0	-	1.000
relocated	0x0202e83a	0x0202f1f8	182	182	+0x9be	+0x0	-	0.995
relocated	0x0202ebf2	0x0202f5b0	8	8	+0x9be	+0x0	-	1.000
relocated	0x0202ec02	0x0202f5c0	25	25	+0x9be	+0x0	-	1.000
relocated	0x0202ec42	0x0202f600	4	4	+0x9be	+0x0	-	1.000
relocated	0x0202f40c	0x0202fdca	21	21	+0x9be	+0x0	-	0.952
relocated	0x0202f446	0x0202fe04	4	4	+0x9be	+0x0	-	1.000
relocated	0x0202f450	0x0202fe0e	42	42	+0x9be	+0x0	-	0.976
relocated	0x0202f4c2	0x0202fe80	11	11	+0x9be	+0x0	-	1.000
relocated	0x0202f57e	0x0202ff3c	114	114	+0x9be	+0x0	-	1.000
relocated	0x0202f6bc	0x0203007a	22	22	+0x9be	+0x0	-	1.000
relocated	0x0202f6ee	0x020300ac	208	208	+0x9be	+0x0	-	1.000
relocated	0x0202f94c	0x0203030a	51	51	+0x9be	+0x0	-	0.961
relocated	0x0202f9d2	0x02030390	92	92	+0x9be	+0x0	-	0.967
relocated	0x0202fada	0x02030498	40	40	+0x9be	+0x0	-	1.000
relocated	0x0202fb40	0x020304fe	14	14	+0x9be	+0x0	-	1.000
relocated	0x0202fb66	0x02030524	14	14	+0x9be	+0x0	-	1.000
relocated	0x0202fb8c	0x0203054a	408	408	+0x9be	+0x0	-	0.983
relocated	0x02030034	0x020309f2	65	65	+0x9be	+0x0	-	1.000
relocated	0x020300de	0x02030a9c	48	48	+0x9be	+0x0	-	0.979
relocated	0x020303ea	0x02030da8	3	3	+0x9be	+0x0	-	0.667
relocated	0x0203063c	0x02030ffa	63	63	+0x9be	+0x0	-	0.746
relocated	0x02030702	0x020310c0	8	8	+0x9be	+0x0	-	1.000
relocated	0x020308ba	0x02031278	22	22	+0x9be	+0x0	-	0.864
relocated	0x0203097c	0x0203133a	23	23	+0x9be	+0x0	-	1.000
relocated	0x020309b4	0x02031372	39	39	+0x9be	+0x0	-	0.949
relocated	0x02030a1e	0x020313dc	53	53	+0x9be	+0x0	-	0.962
relocated	0x02030aca	0x02031488	31	31	+0x9be	+0x0	-	1.000
relocated	0x02030b22	0x020314e0	10	10	+0x9be	+0x0	-	1.000
relocated	0x02030b36	0x020314f4	68	68	+0x9be	+0x0	-	1.000
relocated	0x02030bd8	0x02031596	10	10	+0x9be	+0x0	-	1.000
relocated	0x02030bf0	0x020315ae	40	40	+0x9be	+0x0	-	0.925
relocated	0x02030c60	0x0203161e	23	23	+0x9be	+0x0	-	1.000
relocated	0x02030c94	0x02031652	9	9	+0x9be	+0x0	-	1.000
relocated	0x02030cac	0x0203166a	16	16	+0x9be	+0x0	-	1.000
relocated	0x02030cd6	0x02031694	95	95	+0x9be	+0x0	-	1.000
relocated	0x02030dce	0x0203178c	52	52	+0x9be	+0x0	-	1.000
relocated	0x02030e50	0x0203180e	105	105	+0x9be	+0x0	-	0.981
relocated	0x02030f6a	0x02031928	204	204	+0x9be	+0x0	-	1.000
relocated	0x020311a2	0x02031b60	12	12	+0x9be	+0x0	-	1.000
relocated	0x020311c2	0x02031b80	35	35	+0x9be	+0x0	-	1.000
relocated	0x0203130c	0x02031cca	59	59	+0x9be	+0x0	-	1.000
relocated	0x02031656	0x02032014	16	16	+0x9be	+0x0	-	1.000
structural	0x0203167e	0x0203203c	13	13	+0x9be	+0x0	-	0.923
relocated	0x02031a24	0x020323e2	5	5	+0x9be	+0x0	-	1.000
relocated	0x02031efa	0x020328b8	7	7	+0x9be	+0x0	-	1.000
relocated	0x02031f0a	0x020328c8	3	3	+0x9be	+0x0	-	1.000
relocated	0x02031f84	0x02032942	60	60	+0x9be	+0x0	-	1.000
relocated	0x0203202a	0x020329e8	173	173	+0x9be	+0x0	-	0.971
relocated	0x020326a6	0x02033064	199	199	+0x9be	+0x0	-	0.980
relocated	0x02032902	0x020332c0	106	106	+0x9be	+0x0	-	0.991
relocated	0x02033236	0x02033bf4	3	3	+0x9be	+0x0	-	1.000
relocated	0x0203331e	0x02033cdc	40	40	+0x9be	+0x0	-	1.000
relocated	0x020335fa	0x02033fb8	48	48	+0x9be	+0x0	-	0.917
relocated	0x02033674	0x02034032	36	36	+0x9be	+0x0	-	1.000
ram_relocated	0x020336c6	0x02034084	18	18	+0x9be	+0x0	+0x40	0.944
ram_relocated	0x020339ca	0x02034388	76	76	+0x9be	+0x0	+0x40	0.961
relocated	0x02033ab2	0x02034470	3	3	+0x9be	+0x0	-	0.667
relocated	0x02033c58	0x02034616	8	8	+0x9be	+0x0	-	1.000
relocated	0x02033da6	0x02034764	24	24	+0x9be	+0x0	-	1.000
relocated	0x02033de8	0x020347a6	22	22	+0x9be	+0x0	-	0.864
relocated	0x02033e32	0x020347f0	3	3	+0x9be	+0x0	-	1.000
relocated	0x02033ea2	0x02034860	40	40	+0x9be	+0x0	-	0.875
relocated	0x02034cd6	0x02035694	155	155	+0x9be	+0x0	-	0.923
relocated	0x02034fd6	0x02035994	70	70	+0x9be	+0x0	-	1.000
relocated	0x02035312	0x02035cd0	46	46	+0x9be	+0x0	-	0.957
relocated	0x020357ee	0x020361ac	3	3	+0x9be	+0x0	-	1.000
ram_relocated	0x02035e16	0x020367d6	4	4	+0x9c0	+0x0	+0x44	0.750
ram_relocated	0x02035e5c	0x0203681c	32	32	+0x9c0	+0x0	+0x44	0.719
constants_changed	0x02035ede	0x0203689e	122	122	+0x9c0	+0x0	+0x40,+0x44	0.893
ram_relocated	0x0203603a	0x020369fa	36	36	+0x9c0	+0x0	+0x44	0.694
constants_changed	0x0203692e	0x020372ee	199	199	+0x9c0	+0x0	+0x44,+0x46,+0x1a0	0.869
ram_relocated	0x02036d12	0x020376d2	11	11	+0x9c0	+0x0	+0x44,+0x46	0.727
ram_relocated	0x02036e7a	0x0203783a	39	39	+0x9c0	+0x0	+0x44,+0x1a0	0.923
ram_relocated	0x02036eec	0x020378ac	13	13	+0x9c0	+0x0	+0x44,+0x1a0	0.692
relocated	0x02036f2c	0x020378ec	3	3	+0x9c0	+0x0	-	1.000
ram_relocated	0x02036f32	0x020378f2	9	9	+0x9c0	+0x0	+0x40	0.889
constants_changed	0x02036f50	0x02037910	46	46	+0x9c0	+0x0	+0x40,+0x44	0.848
relocated	0x0203725a	0x02037c1a	5	5	+0x9c0	+0x0	-	1.000
ram_relocated	0x020372c8	0x02037c88	9	9	+0x9c0	+0x0	+0x44	0.889
relocated	0x02037598	0x02037f58	12	12	+0x9c0	+0x0	-	0.917
relocated	0x020378de	0x020382a8	5	5	+0x9ca	+0x0	-	1.000
constants_changed	0x020378ea	0x020382b4	31	31	+0x9ca	+0x0	+0x40	0.806
relocated	0x02037d42	0x0203870c	4	4	+0x9ca	+0x0	-	0.500
relocated	0x02037d50	0x0203871a	4	4	+0x9ca	+0x0	-	0.750
constants_changed	0x02037ff2	0x020389bc	23	23	+0x9ca	+0x0	+0x40	0.870
relocated	0x02038030	0x020389fa	9	9	+0x9ca	+0x0	-	0.889
ram_relocated	0x0203805e	0x02038a28	34	34	+0x9ca	+0x0	+0x40	0.941
constants_changed	0x02038502	0x02038ecc	46	46	+0x9ca	+0x0	+0x40,+0x44	0.804
relocated	0x02038bd2	0x0203959c	6	6	+0x9ca	+0x0	-	1.000
relocated	0x02038be6	0x020395b0	15	15	+0x9ca	+0x0	-	0.933
relocated	0x02038c1c	0x020395e6	13	13	+0x9ca	+0x0	-	1.000
ram_relocated	0x02038c42	0x0203960c	22	22	+0x9ca	+0x0	+0x40,+0x44	0.864
relocated	0x02038cb8	0x02039682	65	65	+0x9ca	+0x0	-	0.831
relocated	0x02038d78	0x02039742	9	9	+0x9ca	+0x0	-	1.000
relocated	0x02038d94	0x0203975e	9	9	+0x9ca	+0x0	-	1.000
relocated	0x02038db0	0x0203977a	6	6	+0x9ca	+0x0	-	1.000
ram_relocated	0x02038dc4	0x0203978e	38	38	+0x9ca	+0x0	+0x44	0.947
ram_relocated	0x02038e36	0x02039800	38	38	+0x9ca	+0x0	+0x1a0	0.763
relocated	0x02038ea0	0x0203986a	9	9	+0x9ca	+0x0	-	1.000
relocated	0x02038ebc	0x02039886	4	4	+0x9ca	+0x0	-	1.000
relocated	0x02038eca	0x02039894	16	16	+0x9ca	+0x0	-	1.000
relocated	0x02038ef0	0x020398ba	5	5	+0x9ca	+0x0	-	1.000
relocated	0x02038efc	0x020398c6	25	25	+0x9ca	+0x0	-	1.000
relocated	0x02038f62	0x0203992c	64	64	+0x9ca	+0x0	-	1.000
relocated	0x02039000	0x020399ca	54	54	+0x9ca	+0x0	-	1.000
relocated	0x02039454	0x02039e1e	28	28	+0x9ca	+0x0	-	1.000
constants_changed	0x020395f0	0x02039fba	229	229	+0x9ca	+0x0	-	0.996
constants_changed	0x02039832	0x0203a1fc	27	27	+0x9ca	+0x0	+0x40,+0x44	0.778
relocated	0x020398d6	0x0203a2a0	6	6	+0x9ca	+0x0	-	1.000
relocated	0x0203a662	0x0203b02c	6	6	+0x9ca	+0x0	-	1.000
ram_relocated	0x0203a7f2	0x0203b1bc	39	39	+0x9ca	+0x0	+0x44	0.897
ram_relocated	0x0203bcc4	0x0203c68e	15	15	+0x9ca	+0x0	+0x44	0.933
ram_relocated	0x0203bce8	0x0203c6b2	99	99	+0x9ca	+0x0	+0x44	0.960
ram_relocated	0x0203be22	0x0203c7ec	53	53	+0x9ca	+0x0	+0x44	0.943
ram_relocated	0x0203bec4	0x0203c88e	50	50	+0x9ca	+0x0	+0x44	0.860
relocated	0x0203bf5a	0x0203c924	5	5	+0x9ca	+0x0	-	1.000
relocated	0x0203bf66	0x0203c930	23	23	+0x9ca	+0x0	-	0.913
ram_relocated	0x0203bfa8	0x0203c972	31	31	+0x9ca	+0x0	+0x84	0.903
relocated	0x0203bffe	0x0203c9c8	36	36	+0x9ca	+0x0	-	0.972
relocated	0x0203c138	0x0203cb02	3	3	+0x9ca	+0x0	-	1.000
ram_relocated	0x0203c2e6	0x0203ccb0	73	73	+0x9ca	+0x0	+0x44	0.973
relocated	0x0203c3ac	0x0203cd76	3	3	+0x9ca	+0x0	-	1.000
relocated	0x0203cf46	0x0203d910	3	3	+0x9ca	+0x0	-	0.667
ram_relocated	0x0203cf4e	0x0203d918	34	34	+0x9ca	+0x0	+0x44	0.941
relocated	0x0203d088	0x0203da52	15	15	+0x9ca	+0x0	-	0.933
relocated	0x0203d0b0	0x0203da7a	17	17	+0x9ca	+0x0	-	1.000
relocated	0x0203e00a	0x0203e9d4	5	5	+0x9ca	+0x0	-	1.000
ram_relocated	0x0203e016	0x0203e9e0	35	35	+0x9ca	+0x0	+0x44	0.943
relocated	0x0203e07a	0x0203ea44	6	6	+0x9ca	+0x0	-	1.000
constants_changed	0x0203e088	0x0203ea52	13	13	+0x9ca	+0x0	+0x40,+0x44	0.769
ram_relocated	0x0203e0e2	0x0203eaac	35	35	+0x9ca	+0x0	+0x44	0.943
relocated	0x0203e3ae	0x0203ed78	40	40	+0x9ca	+0x0	-	0.900
relocated	0x0203e702	0x0203f0cc	29	29	+0x9ca	+0x0	-	1.000
constants_changed	0x0203e814	0x0203f1de	12	12	+0x9ca	+0x0	+0x40,+0x44	0.750
relocated	0x0203e8b0	0x0203f27a	8	8	+0x9ca	+0x0	-	1.000
relocated	0x0203ffce	0x02040998	56	56	+0x9ca	+0x0	-	0.929
ram_relocated	0x020400ac	0x02040a76	11	11	+0x9ca	+0x0	+0x44	0.909
ram_relocated	0x0204013c	0x02040b06	46	46	+0x9ca	+0x0	+0x44	0.957
relocated	0x020404a0	0x02040e6a	1	1	+0x9ca	+0x0	-	1.000
relocated	0x02040872	0x0204123c	26	26	+0x9ca	+0x0	-	1.000
relocated	0x020408ae	0x02041278	27	27	+0x9ca	+0x0	-	1.000
relocated	0x020408f2	0x020412bc	73	73	+0x9ca	+0x0	-	0.986
relocated	0x02040c06	0x020415d0	16	16	+0x9ca	+0x0	-	1.000
relocated	0x02040d8a	0x02041754	5	5	+0x9ca	+0x0	-	1.000
relocated	0x02040e82	0x0204184c	2	2	+0x9ca	+0x0	-	1.000
relocated	0x02040f6e	0x02041938	3	3	+0x9ca	+0x0	-	1.000
ram_relocated	0x02040f74	0x0204193e	126	126	+0x9ca	+0x0	+0x44	0.936
relocated	0x02041b7a	0x02042544	51	51	+0x9ca	+0x0	-	0.922
relocated	0x020420a0	0x02042a6a	106	106	+0x9ca	+0x0	-	0.953
relocated	0x02042322	0x02042cec	9	9	+0x9ca	+0x0	-	1.000
relocated	0x0204233a	0x02042d04	56	56	+0x9ca	+0x0	-	0.929
ram_relocated	0x02042786	0x02043150	17	17	+0x9ca	+0x0	+0x84	0.882
ram_relocated	0x0204281c	0x020431e6	40	40	+0x9ca	+0x0	+0x40,+0x44	0.950
constants_changed	0x02043a54	0x0204441e	181	181	+0x9ca	+0x0	+0x40	0.934
constants_changed	0x02043cc0	0x0204468a	32	32	+0x9ca	+0x0	+0x40	0.938
constants_changed	0x02043d8e	0x02044758	32	32	+0x9ca	+0x0	+0x40	0.906
relocated	0x0204452c	0x02044ef6	5	5	+0x9ca	+0x0	-	1.000
relocated	0x020448e6	0x020452b0	14	14	+0x9ca	+0x0	-	1.000
ram_relocated	0x0204490c	0x020452d6	35	35	+0x9ca	+0x0	+0x1a0	0.971
ram_relocated	0x02044974	0x0204533e	63	63	+0x9ca	+0x0	+0x1a0	0.984
constants_changed	0x02044a36	0x02045400	55	55	+0x9ca	+0x0	+0x40	0.909
constants_changed	0x02044ace	0x02045498	287	287	+0x9ca	+0x0	+0x40,+0x44	0.857
constants_changed	0x02045c5a	0x02046624	335	335	+0x9ca	+0x0	+0x40	0.949
constants_changed	0x02046094	0x02046a5e	57	57	+0x9ca	+0x0	-	0.965
relocated	0x02046140	0x02046b0a	37	37	+0x9ca	+0x0	-	1.000
relocated	0x020461a6	0x02046b70	27	27	+0x9ca	+0x0	-	1.000
relocated	0x020461e8	0x02046bb2	9	9	+0x9ca	+0x0	-	1.000
relocated	0x02046fe0	0x020479aa	45	45	+0x9ca	+0x0	-	0.978
relocated	0x0204814a	0x02048b14	46	46	+0x9ca	+0x0	-	1.000
relocated	0x020481d8	0x02048ba2	1	1	+0x9ca	+0x0	-	1.000
constants_changed	0x020481dc	0x02048ba6	663	663	+0x9ca	+0x0	-	0.994
relocated	0x02048a26	0x020493f0	115	115	+0x9ca	+0x0	-	1.000
relocated	0x02048b6e	0x02049538	2	2	+0x9ca	+0x0	-	1.000
relocated	0x02048b72	0x0204953c	3	3	+0x9ca	+0x0	-	1.000
relocated	0x02048b7c	0x02049546	68	68	+0x9ca	+0x0	-	1.000
relocated	0x02048c5e	0x02049628	12	12	+0x9ca	+0x0	-	1.000
relocated	0x02048c96	0x02049660	21	21	+0x9ca	+0x0	-	1.000
relocated	0x02048cce	0x02049698	71	71	+0x9ca	+0x0	-	1.000
relocated	0x02048da8	0x02049772	8	8	+0x9ca	+0x0	-	1.000
relocated	0x02048dbc	0x02049786	58	58	+0x9ca	+0x0	-	1.000
relocated	0x02048e5c	0x02049826	38	38	+0x9ca	+0x0	-	1.000
relocated	0x02048eca	0x02049894	6	6	+0x9ca	+0x0	-	1.000
relocated	0x02048ed6	0x020498a0	12	12	+0x9ca	+0x0	-	1.000
relocated	0x02048ef0	0x020498ba	8	8	+0x9ca	+0x0	-	1.000
relocated	0x02049050	0x02049a1a	9	9	+0x9ca	+0x0	-	1.000
relocated	0x0204906e	0x02049a38	6	6	+0x9ca	+0x0	-	1.000
relocated	0x02049090	0x02049a5a	196	196	+0x9ca	+0x0	-	1.000
relocated	0x02049364	0x02049d2e	54	54	+0x9ca	+0x0	-	1.000
relocated	0x02049414	0x02049dde	52	52	+0x9ca	+0x0	-	1.000
relocated	0x020494fc	0x02049ec6	1	1	+0x9ca	+0x0	-	1.000
relocated	0x020494fe	0x02049ec8	1	1	+0x9ca	+0x0	-	1.000
relocated	0x02049502	0x02049ecc	1	1	+0x9ca	+0x0	-	1.000
relocated	0x02049504	0x02049ece	11	11	+0x9ca	+0x0	-	1.000
relocated	0x0204953a	0x02049f04	230	230	+0x9ca	+0x0	-	1.000
relocated	0x0204984a	0x0204a214	17	17	+0x9ca	+0x0	-	1.000
relocated	0x02049896	0x0204a260	11	11	+0x9ca	+0x0	-	1.000
relocated	0x020498cc	0x0204a296	201	201	+0x9ca	+0x0	-	1.000
relocated	0x02049b90	0x0204a55a	2	2	+0x9ca	+0x0	-	1.000
relocated	0x02049b96	0x0204a560	8	8	+0x9ca	+0x0	-	1.000
relocated	0x02049c3c	0x0204a606	20	20	+0x9ca	+0x0	-	1.000
relocated	0x02049c90	0x0204a65a	12	12	+0x9ca	+0x0	-	1.000
relocated	0x02055486	0x02055e46	4	4	+0x9c0	+0x0	-	1.000
