target_name	target	callsite
heap_init_candidate	0x02060e2c	0x02000084
malloc_like_candidate	0x02060ed4	0x02000324
malloc_like_candidate	0x02060ed4	0x02000340
malloc_like_candidate	0x02060ed4	0x02001f74
malloc_like_candidate	0x02060ed4	0x02003b9a
malloc_like_candidate	0x02060ed4	0x02003d24
malloc_like_candidate	0x02060ed4	0x02003d90
malloc_like_candidate	0x02060ed4	0x02004a48
malloc_like_candidate	0x02060ed4	0x02007390
malloc_like_candidate	0x02060ed4	0x02007546
malloc_like_candidate	0x02060ed4	0x020087da
malloc_like_candidate	0x02060ed4	0x02008fc4
malloc_like_candidate	0x02060ed4	0x020093b8
malloc_like_candidate	0x02060ed4	0x020095d2
malloc_like_candidate	0x02060ed4	0x0202bf08
malloc_like_candidate	0x02060ed4	0x0202c910
malloc_like_candidate	0x02060ed4	0x0202e4a2
malloc_like_candidate	0x02060ed4	0x020306f6
malloc_like_candidate	0x02060ed4	0x02031eee
malloc_like_candidate	0x02060ed4	0x02033f0e
malloc_like_candidate	0x02060ed4	0x02035d40
free_like_candidate	0x0205fc2e	0x02004426
free_like_candidate	0x0205fc2e	0x02004786
free_like_candidate	0x0205fc2e	0x02009fa6
free_like_candidate	0x0205fc2e	0x0201e0b4
free_like_candidate	0x0205fc2e	0x0201e136
free_like_candidate	0x0205fc2e	0x0201f3f4
free_like_candidate	0x0205fc2e	0x0201f83e
free_like_candidate	0x0205fc2e	0x0201fb4a
free_like_candidate	0x0205fc2e	0x02022e48
free_like_candidate	0x0205fc2e	0x02022e54
free_like_candidate	0x0205fc2e	0x02022e68
free_like_candidate	0x0205fc2e	0x02022e7e
free_like_candidate	0x0205fc2e	0x02022eae
free_like_candidate	0x0205fc2e	0x02022ed4
free_like_candidate	0x0205fc2e	0x02022efa
free_like_candidate	0x0205fc2e	0x02022f20
free_like_candidate	0x0205fc2e	0x02022f2c
free_like_candidate	0x0205fc2e	0x02022f52
free_like_candidate	0x0205fc2e	0x02022f5e
free_like_candidate	0x0205fc2e	0x02022f98
memcpy_like_candidate	0x02048cce	0x02000060
memcpy_like_candidate	0x02048cce	0x02000546
memcpy_like_candidate	0x02048cce	0x02000556
memcpy_like_candidate	0x02048cce	0x02000568
memcpy_like_candidate	0x02048cce	0x020007b6
memcpy_like_candidate	0x02048cce	0x02000e8a
memcpy_like_candidate	0x02048cce	0x02000eb8
memcpy_like_candidate	0x02048cce	0x02000ee2
memcpy_like_candidate	0x02048cce	0x02000efe
memcpy_like_candidate	0x02048cce	0x02001044
memcpy_like_candidate	0x02048cce	0x020010b6
memcpy_like_candidate	0x02048cce	0x0200119e
memcpy_like_candidate	0x02048cce	0x020011b2
memcpy_like_candidate	0x02048cce	0x0200124e
memcpy_like_candidate	0x02048cce	0x0200128a
memcpy_like_candidate	0x02048cce	0x0200129c
memcpy_like_candidate	0x02048cce	0x02001346
memcpy_like_candidate	0x02048cce	0x02001358
memcpy_like_candidate	0x02048cce	0x0200143a
memcpy_like_candidate	0x02048cce	0x020014a2
