address	bytes	length	mnemonic	text	flow_type	function
02000000	0481	2	goto	goto 0x02000004	UNCONDITIONAL_JUMP	-
02000002	8000	2	rts	rts	TERMINATOR	-
02000004	eeffd4a2c301	6	mov	mov sp,#0x1c3a2d4	FALL_THROUGH	-
0200000a	edffd4b2c301	6	mov	mov ssp,#0x1c3b2d4	FALL_THROUGH	-
02000010	80ffb0000000	6	call	call 0x020000c6	UNCONDITIONAL_CALL	-
02000016	c3ffd499c001	6	mov	mov r3,#0x1c099d4	FALL_THROUGH	-
0200001c	4120	2	mov	mov r1,#0x0	FALL_THROUGH	-
0200001e	c2ff48cb0300	6	mov	mov r2,#0x3cb48	FALL_THROUGH	-
02000024	a2a2	2	lsr	lsr r2,r2,0x2	FALL_THROUGH	-
02000026	0203	2	rep	rep 0x2,r2	FALL_THROUGH	-
02000028	b105	2	sw	sw r1,[r3 ++= 4]	FALL_THROUGH	-
0200002a	f25d	2	jnz	jnz r2,0x02000026	CONDITIONAL_JUMP	-
0200002c	c4ff0000c001	6	mov	mov r4,#0x1c00000	FALL_THROUGH	-
02000032	c1ff60d10802	6	mov	mov r1,#0x208d160	FALL_THROUGH	-
02000038	c2ffd4990000	6	mov	mov r2,#0x99d4	FALL_THROUGH	-
0200003e	a2a2	2	lsr	lsr r2,r2,0x2	FALL_THROUGH	-
02000040	1203	2	rep	rep 0x4,r2	FALL_THROUGH	-
02000042	1305	2	lw	lw r3,[r1 ++= 4]	FALL_THROUGH	-
02000044	c305	2	sw	sw r3,[r4 ++= 4]	FALL_THROUGH	-
02000046	f25c	2	jnz	jnz r2,0x02000040	CONDITIONAL_JUMP	-
02000048	0316	2	mov	mov r3,r0	FALL_THROUGH	-
0200004a	c0ff20010004	6	mov	mov r0,#0x4000120	FALL_THROUGH	-
02000050	c1ff60d10802	6	mov	mov r1,#0x208d160	FALL_THROUGH	-
02000056	c2ff00000000	6	mov	mov r2,#0x0	FALL_THROUGH	-
02000060	80ff688c0400	6	call	call 0x02048cce	CALL_TERMINATOR	-
02000066	3016	2	mov	mov r0,r3	FALL_THROUGH	-
02000068	c3ff20010004	6	mov	mov r3,#0x4000120	FALL_THROUGH	-
0200006e	4120	2	mov	mov r1,#0x0	FALL_THROUGH	-
02000070	c2ff00000000	6	mov	mov r2,#0x0	FALL_THROUGH	-
02000076	a2a2	2	lsr	lsr r2,r2,0x2	FALL_THROUGH	-
02000078	0203	2	rep	rep 0x2,r2	FALL_THROUGH	-
0200007a	b105	2	sw	sw r1,[r3 ++= 4]	FALL_THROUGH	-
0200007c	f25d	2	jnz	jnz r2,0x02000078	CONDITIONAL_JUMP	-
0200007e	80ffe80cc0ff	6	call	call 0x01c00d6c	UNCONDITIONAL_CALL	-
02000084	80ffa20d0600	6	call	call 0x02060e2c	UNCONDITIONAL_CALL	-
0200008a	80ff94730000	6	call	call 0x02007424	UNCONDITIONAL_CALL	-
02000090	c6ffa0200002	6	mov	mov r6,#0x20020a0	FALL_THROUGH	-
02000096	d600	2	goto	goto r6	UNCONDITIONAL_JUMP	-
02000098	ecffd4b5c301	6	mov	mov usp,#0x1c3b5d4	FALL_THROUGH	-
0200009e	eeffd4c5c301	6	mov	mov sp,#0x1c3c5d4	FALL_THROUGH	-
020000a4	e0ff7835c001	6	mov	mov reti,#0x1c03578	FALL_THROUGH	-
020000aa	8100	2	rti	rti	TERMINATOR	-
