decoder	address	bytes	size	mnemonic	text	flow	function
quarkslab	0201e254	7904	2	push	push {rets,r9,r8,r7,r6,r5,r4}	FALL_THROUGH	FUN_0201e254@0201e254
quarkslab	0201e256	0416	2	mov	mov r4,r0	FALL_THROUGH	FUN_0201e254@0201e254
quarkslab	0201e258	19d6	2	mov	mov r9,r1	FALL_THROUGH	FUN_0201e254@0201e254
quarkslab	0201e3fc	c6ff3070c301	6	mov	mov r6,#0x1c37030	FALL_THROUGH	FUN_0201e254@0201e254
quarkslab	0201e402	00f83604	4	je	je r0,0x2,0x0201e472	CONDITIONAL_JUMP	FUN_0201e254@0201e254
quarkslab	0201e406	00f84e02	4	je	je r0,0x1,0x0201e4a6	CONDITIONAL_JUMP	FUN_0201e254@0201e254
quarkslab	0201e40a	80f8fc00	4	jne	jne r0,#0x0,0x0201e606	CONDITIONAL_JUMP	FUN_0201e254@0201e254
quarkslab	0201e410	90f8f9e0	4	jne	jne r0,#0xf0	CONDITIONAL_JUMP	FUN_0201e254@0201e254
quarkslab	0201e416	80f8f686	4	jne	jne r0,#0x43,0x0201e606	CONDITIONAL_JUMP	FUN_0201e254@0201e254
quarkslab	0201e41c	8049	2	jnz	jnz r0,0x0201e430	CONDITIONAL_JUMP	FUN_0201e254@0201e254
quarkslab	0201e420	80f80612	4	jne	jne r0,#0x9,0x0201e430	CONDITIONAL_JUMP	FUN_0201e254@0201e254
quarkslab	0201e426	80f80340	4	jne	jne r0,#0x20,0x0201e430	CONDITIONAL_JUMP	FUN_0201e254@0201e254
quarkslab	0201e430	4842	2	lb.z	lb.z r0,[r4 + 0x2]	FALL_THROUGH	FUN_0201e254@0201e254
quarkslab	0201e438	80f8e500	4	jne	jne r0,#0x0,0x0201e606	CONDITIONAL_JUMP	FUN_0201e254@0201e254
quarkslab	0201e43e	80f8e202	4	jne	jne r0,#0x1,0x0201e606	CONDITIONAL_JUMP	FUN_0201e254@0201e254
quarkslab	0201e444	80f8df36	4	jne	jne r0,#0x1b,0x0201e606	CONDITIONAL_JUMP	FUN_0201e254@0201e254
quarkslab	0201e448	08e1a06f	4	add	add r8,r6,#0xfa0	FALL_THROUGH	FUN_0201e254@0201e254
quarkslab	0201e44c	4986	2	add	add r1,r4,#0x6	FALL_THROUGH	FUN_0201e254@0201e254
quarkslab	0201e44e	36e1fa9f	4	add	add r6,r9,#-0x6	FALL_THROUGH	FUN_0201e254@0201e254
quarkslab	0201e452	8016	2	mov	mov r0,r8	FALL_THROUGH	FUN_0201e254@0201e254
quarkslab	0201e454	6216	2	mov	mov r2,r6	FALL_THROUGH	FUN_0201e254@0201e254
quarkslab	0201e456	80ff72a80200	6	call	call 0x02048cce	UNCONDITIONAL_CALL	FUN_0201e254@0201e254
quarkslab	0201e45c	b4e04009	4	add	add r0,r4,r9	FALL_THROUGH	FUN_0201e254@0201e254
quarkslab	0201e460	085f	2	lb.z	lb.z r0,[r0 + -0x1]	FALL_THROUGH	FUN_0201e254@0201e254
quarkslab	0201e462	90f8cbee	4	jne	jne r0,#0xf7	CONDITIONAL_JUMP	FUN_0201e254@0201e254
quarkslab	0201e466	8016	2	mov	mov r0,r8	FALL_THROUGH	FUN_0201e254@0201e254
quarkslab	0201e468	bfea69fe	4	call	call 0x0201e13e	UNCONDITIONAL_CALL	FUN_0201e254@0201e254
quarkslab	0201e46c	bfeaf838	4	call	call 0x02005660	UNCONDITIONAL_CALL	FUN_0201e254@0201e254
quarkslab	0201e470	5904	2	pop	pop {pc,r9,r8,r7,r6,r5,r4}	TERMINATOR	FUN_0201e254@0201e254
quarkslab	0201e472	50ed7c09	4	lh.z	lh.z r0,[r7 + 0x9c]	FALL_THROUGH	FUN_0201e254@0201e254
quarkslab	0201e476	b4e04019	4	add	add r1,r4,r9	FALL_THROUGH	FUN_0201e254@0201e254
quarkslab	0201e47a	b4f00059	4	add	add r5,r0,r9	FALL_THROUGH	FUN_0201e254@0201e254
quarkslab	0201e47e	195f	2	_lb.z	_lb.z r1,[r1 + -0x1]	FALL_THROUGH	FUN_0201e254@0201e254
quarkslab	0201e480	91f849ee	4	jne	jne r1,#0xf7	CONDITIONAL_JUMP	FUN_0201e254@0201e254
quarkslab	0201e484	95f8583c	4	jne	jne r5,#0x9e	CONDITIONAL_JUMP	FUN_0201e254@0201e254
quarkslab	0201e488	06e1a06f	4	add	add r6,r6,#0xfa0	FALL_THROUGH	FUN_0201e254@0201e254
quarkslab	0201e48c	6018	2	add	add r0,r6	FALL_THROUGH	FUN_0201e254@0201e254
quarkslab	0201e48e	32e1fe9f	4	add	add r2,r9,#-0x2	FALL_THROUGH	FUN_0201e254@0201e254
quarkslab	0201e492	4116	2	mov	mov r1,r4	FALL_THROUGH	FUN_0201e254@0201e254
quarkslab	0201e494	80ff34a80200	6	call	call 0x02048cce	UNCONDITIONAL_CALL	FUN_0201e254@0201e254
quarkslab	0201e49a	6016	2	mov	mov r0,r6	FALL_THROUGH	FUN_0201e254@0201e254
quarkslab	0201e49c	bfea4ffe	4	call	call 0x0201e13e	UNCONDITIONAL_CALL	FUN_0201e254@0201e254
quarkslab	0201e4a0	bfeade38	4	call	call 0x02005660	UNCONDITIONAL_CALL	FUN_0201e254@0201e254
quarkslab	0201e4a4	2489	2	goto	goto 0x0201e538	UNCONDITIONAL_JUMP	FUN_0201e254@0201e254
quarkslab	02026da6	beeaacee	4	call	call 0x02004b02	UNCONDITIONAL_CALL	-
quarkslab	02026dac	bfeac7b9	4	call	call 0x0201e13e	UNCONDITIONAL_CALL	-
quarkslab	0202d182	91f942fc	4	jb	jb r1,0xfe,0x0202d20a	CONDITIONAL_JUMP	FUN_0202d15a@0202d15a
quarkslab	0202d186	10e1807f	4	add	add r0,r7,0x1f80	FALL_THROUGH	FUN_0202d15a@0202d15a
quarkslab	0202d18a	149b	2	goto	goto 0x0202d202	UNCONDITIONAL_JUMP	FUN_0202d15a@0202d15a
quarkslab	0202d1be	81f81f0e	4	jne	jne r1,#0x7,0x0202d200	CONDITIONAL_JUMP	FUN_0202d15a@0202d15a
quarkslab	0202d200	6016	2	mov	mov r0,r6	FALL_THROUGH	FUN_0202d15a@0202d15a
quarkslab	0202d202	bfea2788	4	call	call 0x0201e254	UNCONDITIONAL_CALL	FUN_0202d15a@0202d15a
quarkslab	02048cce	7604	2	push	push {rets,r6,r5,r4}	FALL_THROUGH	FUN_02048cce@02048cce
quarkslab	02048cd0	00ec0310	4	ja	ja r1,r0,0x02048cda	CONDITIONAL_JUMP	FUN_02048cce@02048cce
quarkslab	02048cd4	931c	2	add	add r3,r1,r2	FALL_THROUGH	FUN_02048cce@02048cce
quarkslab	02048cd6	00ec2930	4	ja	ja r3,r0,0x02048d2c	CONDITIONAL_JUMP	FUN_02048cce@02048cce
quarkslab	02048cda	0316	2	mov	mov r3,r0	FALL_THROUGH	FUN_02048cce@02048cce
quarkslab	02048cdc	82f91410	4	jb	jb r2,0x8,0x02048d08	CONDITIONAL_JUMP	FUN_02048cce@02048cce
quarkslab	02048ce0	65e10310	4	and	and r5,r1,#0x3	FALL_THROUGH	FUN_02048cce@02048cce
quarkslab	02048ce4	64e10330	4	and	and r4,r3,#0x3	FALL_THROUGH	FUN_02048cce@02048cce
quarkslab	02048ce8	0446	2	jz	jz r4,0x02048cf6	CONDITIONAL_JUMP	FUN_02048cce@02048cce
quarkslab	02048cea	a6e00440	4	sub	sub r6,#0x4,r4	FALL_THROUGH	FUN_02048cce@02048cce
quarkslab	02048cee	a21f	2	sub	sub r2,r2,r6	FALL_THROUGH	FUN_02048cce@02048cce
quarkslab	02048cf0	1603	2	rep	rep 0x4,r6	FALL_THROUGH	FUN_02048cce@02048cce
quarkslab	02048cf2	1607	2	lb.z	lb.z r6,[r1 ++= 1]	FALL_THROUGH	FUN_02048cce@02048cce
quarkslab	02048cf4	b607	2	sb	sb r6,[r3 ++= 1]	FALL_THROUGH	FUN_02048cce@02048cce
quarkslab	02048cf6	5c19	2	xor	xor r4,r5	FALL_THROUGH	FUN_02048cce@02048cce
quarkslab	02048cf8	a5a2	2	lsr	lsr r5,r2,0x2	FALL_THROUGH	FUN_02048cce@02048cce
quarkslab	02048cfa	844a	2	jnz	jnz r4,0x02048d10	CONDITIONAL_JUMP	FUN_02048cce@02048cce
quarkslab	02048cfc	1503	2	rep	rep 0x4,r5	FALL_THROUGH	FUN_02048cce@02048cce
quarkslab	02048cfe	1605	2	lw	lw r6,[r1 ++= 4]	FALL_THROUGH	FUN_02048cce@02048cce
quarkslab	02048d00	b605	2	sw	sw r6,[r3 ++= 4]	FALL_THROUGH	FUN_02048cce@02048cce
quarkslab	02048d02	f55c	2	jnz	jnz r5,0x02048cfc	CONDITIONAL_JUMP	FUN_02048cce@02048cce
quarkslab	02048d04	62e10320	4	and	and r2,r2,#0x3	FALL_THROUGH	FUN_02048cce@02048cce
quarkslab	02048d08	1203	2	rep	rep 0x4,r2	FALL_THROUGH	FUN_02048cce@02048cce
quarkslab	02048d0a	1207	2	lb.z	lb.z r2,[r1 ++= 1]	FALL_THROUGH	FUN_02048cce@02048cce
quarkslab	02048d0c	b207	2	sb	sb r2,[r3 ++= 1]	FALL_THROUGH	FUN_02048cce@02048cce
quarkslab	02048d0e	5604	2	pop	pop {pc,r6,r5,r4}	TERMINATOR	FUN_02048cce@02048cce
kagaimiq	0201e254	7904	2	push	push {0x9}	FALL_THROUGH	FUN_0201e254@0201e254
kagaimiq	0201e256	0416	2	mov	mov r4,r0	FALL_THROUGH	FUN_0201e254@0201e254
kagaimiq	0201e258	19d6	2	mov	mov r9,r1  #	FALL_THROUGH	FUN_0201e254@0201e254
kagaimiq	0201e3fc	c6ff3070c301	6	mov	mov r6,#0x1c37030	FALL_THROUGH	-
kagaimiq	0201e402	00f83604	4	jeq	jeq r0,#0x2,0x0201e472	CONDITIONAL_JUMP	-
kagaimiq	0201e406	00f84e02	4	jeq	jeq r0,#0x1,0x0201e4a6	CONDITIONAL_JUMP	-
kagaimiq	0201e41c	8049	2	jnz	jnz r0,0x0201e430	CONDITIONAL_JUMP	-
kagaimiq	0201e430	4842	2	lb.z	lb.z r0,[r4 + 0x2]	FALL_THROUGH	-
kagaimiq	0201e44c	4986	2	add	add r1,r4,#0x6	FALL_THROUGH	-
kagaimiq	0201e452	8016	2	mov	mov r0,r8	FALL_THROUGH	-
kagaimiq	0201e454	6216	2	mov	mov r2,r6	FALL_THROUGH	-
kagaimiq	0201e456	80ff72a80200	6	call	call 0x02048cce	CALL_TERMINATOR	-
kagaimiq	0201e460	085f	2	lb.z	lb.z r0,[r0 + -0x1]	FALL_THROUGH	-
kagaimiq	0201e466	8016	2	mov	mov r0,r8	FALL_THROUGH	-
kagaimiq	0201e468	bfea69fe	4	call	call 0x0201e13e	UNCONDITIONAL_CALL	-
kagaimiq	0201e46c	bfeaf838	4	call	call 0x02005660	CALL_TERMINATOR	-
kagaimiq	0201e47e	195f	2	lb.z	lb.z r1,[r1 + -0x1]	FALL_THROUGH	-
kagaimiq	0201e48c	6018	2	add	add r0,r6	FALL_THROUGH	-
kagaimiq	0201e492	4116	2	mov	mov r1,r4	FALL_THROUGH	-
kagaimiq	0201e494	80ff34a80200	6	call	call 0x02048cce	CALL_TERMINATOR	-
kagaimiq	0201e49a	6016	2	mov	mov r0,r6	FALL_THROUGH	-
kagaimiq	0201e49c	bfea4ffe	4	call	call 0x0201e13e	UNCONDITIONAL_CALL	-
kagaimiq	0201e4a0	bfeade38	4	call	call 0x02005660	CALL_TERMINATOR	-
kagaimiq	02026da6	beeaacee	4	call	call 0x02004b02	CALL_TERMINATOR	-
kagaimiq	0202d18a	149b	2	goto	goto 0x0202d202	UNCONDITIONAL_JUMP	-
kagaimiq	0202d200	6016	2	mov	mov r0,r6	FALL_THROUGH	-
kagaimiq	0202d202	bfea2788	4	call	call 0x0201e254	UNCONDITIONAL_CALL	-
kagaimiq	02048cce	7604	2	push	push {0x6}	FALL_THROUGH	FUN_02048cce@02048cce
kagaimiq	02048cd4	931c	2	add	add r3,r1,r2	FALL_THROUGH	-
kagaimiq	02048cda	0316	2	mov	mov r3,r0	FALL_THROUGH	-
kagaimiq	02048ce8	0446	2	jz	jz r4,0x02048cf6	CONDITIONAL_JUMP	-
kagaimiq	02048cee	a21f	2	sub	sub r2,r2,r6	FALL_THROUGH	-
kagaimiq	02048cf0	1603	2	rep	rep 0x4,r6	FALL_THROUGH	-
kagaimiq	02048cf2	1607	2	lb.z	lb.z r6,[r1 ++= 2]	FALL_THROUGH	-
kagaimiq	02048cf4	b607	2	sb	sb r6,[r3 ++= 1]	FALL_THROUGH	-
kagaimiq	02048cf6	5c19	2	xor	xor r4,r5	FALL_THROUGH	-
kagaimiq	02048cf8	a5a2	2	lsr	lsr r5,r2,0x2	FALL_THROUGH	-
kagaimiq	02048cfa	844a	2	jnz	jnz r4,0x02048d10	CONDITIONAL_JUMP	-
kagaimiq	02048cfc	1503	2	rep	rep 0x4,r5	FALL_THROUGH	-
kagaimiq	02048cfe	1605	2	lw	lw r6,[r1 ++= 4]	FALL_THROUGH	-
kagaimiq	02048d00	b605	2	sw	sw r6,[r3 ++= 4]	FALL_THROUGH	-
kagaimiq	02048d02	f55c	2	jnz	jnz r5,0x02048cfc	CONDITIONAL_JUMP	-
kagaimiq	02048d08	1203	2	rep	rep 0x4,r2	FALL_THROUGH	-
kagaimiq	02048d0a	1207	2	lb.z	lb.z r2,[r1 ++= 2]	FALL_THROUGH	-
kagaimiq	02048d0c	b207	2	sb	sb r2,[r3 ++= 1]	FALL_THROUGH	-
kagaimiq	02048d0e	5604	2	pop	pop {pc,0x6}	TERMINATOR	-
