address	size	bytes	op	target
0x0201e13e	2	5316	mov_reg
0x0201e140	2	0481	goto	0x0201e144
0x0201e142	2	6316	mov_reg
0x0201e144	2	7904	push
0x0201e146	2	0416	mov_reg
0x0201e148	2	3516	mov_reg
0x0201e14a	2	9616	mov_reg
0x0201e14c	4	86f81b12	jne_imm7	0x0201e186
0x0201e150	4	83fd1948	jl_imm7	0x0201e186
0x0201e154	4	03fd1768	jge_imm7	0x0201e186
0x0201e158	2	f33c	add_imm8
0x0201e15a	6	c8ff2065c401	mov_imm32
0x0201e160	4	06e19c80	add_imm12
0x0201e164	2	6843	load_byte
0x0201e166	4	80f80e04	jne_imm7	0x0201e186
0x0201e16a	2	3616	mov_reg
0x0201e16c	4	e6e1a060	mul_imm12
0x0201e170	2	8618	add_reg
0x0201e172	4	07e19c60	add_imm12
0x0201e176	2	7840	load_byte
0x0201e178	4	80f80502	jne_imm7	0x0201e186
0x0201e17c	4	07e1008a	add_imm12
0x0201e180	2	3718	add_reg
0x0201e182	2	7d40	load_byte
0x0201e184	2	6116	mov_reg
0x0201e186	2	4016	mov_reg
0x0201e188	6	80ff40ab0200	call32	0x02048cce
0x0201e18e	4	00e19c40	add_imm12
0x0201e192	2	8d40	store_byte
0x0201e194	2	5904	pop_pc
0x0201e196	2	7904	push
0x0201e198	2	0416	mov_reg
0x0201e19a	6	c0ffbd65c401	mov_imm32
0x0201e1a0	4	2000b000	trylock
0x0201e1a4	4	40e83d00	ifeq	0x0201e222
0x0201e1a8	2	2000	csync
0x0201e1aa	2	0516	mov_reg
0x0201e1ac	2	5842	load_byte
0x0201e1ae	4	80f80700	jne_imm7	0x0201e1c0
0x0201e1b2	2	5b41	load_byte
0x0201e1b4	4	83f83100	jne_imm7	0x0201e21a
0x0201e1b8	2	4021	mov_imm8
0x0201e1ba	2	d842	store_byte
0x0201e1bc	2	2000	csync
0x0201e1be	2	0483	goto	0x0201e1c6
0x0201e1c0	4	80f82b02	jne_imm7	0x0201e21a
0x0201e1c4	2	5b41	load_byte
0x0201e1c6	4	03fd2820	jge_imm7	0x0201e21a
0x0201e1ca	2	3616	mov_reg
0x0201e1cc	4	e6e1a060	mul_imm12
0x0201e1d0	6	c7ff2065c401	mov_imm32
0x0201e1d6	2	6718	add_reg
0x0201e1d8	4	06e19c70	add_imm12
0x0201e1dc	2	4020	mov_imm8
0x0201e1de	2	e840	store_byte
0x0201e1e0	6	c0ff206fc401	mov_imm32
0x0201e1e6	2	3018	add_reg
0x0201e1e8	4	01e19b40	add_imm12
0x0201e1ec	2	1a40	load_byte
0x0201e1ee	2	8a40	store_byte
0x0201e1f0	2	4a3f	mov_imm8
0x0201e1f2	2	9a40	store_byte
0x0201e1f4	2	7016	mov_reg
0x0201e1f6	2	4116	mov_reg
0x0201e1f8	2	623c	mov_imm8
0x0201e1fa	6	80ffceaa0200	call32	0x02048cce
0x0201e200	2	483f	mov_imm8
0x0201e202	2	e85f	store_byte
0x0201e204	2	2000	csync
0x0201e206	2	4021	mov_imm8
0x0201e208	2	e840	store_byte
0x0201e20a	2	5b41	load_byte
0x0201e20c	2	c321	add_imm8
0x0201e20e	2	db41	store_byte
0x0201e210	4	83f80320	jne_imm7	0x0201e21a
0x0201e214	2	2000	csync
0x0201e216	2	4022	mov_imm8
0x0201e218	2	d842	store_byte
0x0201e21a	2	2000	csync
0x0201e21c	2	4020	mov_imm8
0x0201e21e	2	d840	store_byte
0x0201e220	2	2000	csync
0x0201e222	2	5904	pop_pc
0x0201e224	2	7904	push
0x0201e226	2	5904	pop_pc
0x0201e228	2	7904	push
0x0201e22a	2	0416	mov_reg
0x0201e22c	2	4940	load_byte
0x0201e22e	4	81f80bc4	jne_imm7	0x0201e248
0x0201e232	2	4941	load_byte
0x0201e234	4	81f808c6	jne_imm7	0x0201e248
0x0201e238	6	c5ffbd65c401	mov_imm32
0x0201e23e	2	4020	mov_imm8
0x0201e240	2	d840	store_byte
0x0201e242	2	d841	store_byte
0x0201e244	2	d842	store_byte
0x0201e246	2	2000	csync
0x0201e248	2	4016	mov_reg
0x0201e24a	6	80ff46ffffff	call32	0x0201e196
0x0201e250	2	5904	pop_pc
0x0201e252	2	0016	mov_reg
