role	kind	destination	source	length	evidence_addresses
record_loader_to_current_snapshot	memcpy	0x01c33260+0x1a14 == 0x01c34c74	*(0x01c33260+0x164)+0x4000+(bank*32+preset)*0xa3	0xa3	0x02005682,0x0200568a,0x02005690,0x02005694,0x02005698,0x0200569a
packed_record_normalization_inside_current_snapshot	field_wise_expand	0x01c33260+0x1a14..+0x1a91 field aliases	selected packed bank record bytes		0x020056b4,0x020056b6,0x020056c0,0x020056c4,0x020056c6,0x020056d0,0x020056d2,0x020056de,0x0200570e
global_tail_normalization_inside_current_snapshot	field_wise_expand	0x01c33260+0x1a90 and 0x01c33260+0x1aa0	selected packed bank record tail		0x02005712,0x02005720,0x02005726,0x02005746,0x02005764,0x02005768
single_parameter_current_patch_write	field_write	0x01c33260+0x1a14+(parameter_index & 0xff)	UI/SysEx message byte msg[5]	0x01	0x0201e622,0x0201e626,0x0201e62a,0x0201e630,0x0201e632,0x0201e634
bounded_setter_current_field_0x86	field_write	0x01c34c74+0x86 == 0x01c34cfa	clamped current field plus caller-supplied delta	0x01	0x0201bbc8,0x0201bbcc,0x0201bbd2,0x0201bbe0,0x0201bbe4,0x0201bbe8,0x0201bbf2
bounded_setter_current_field_0x87	field_write	0x01c34c74+0x87 == 0x01c34cfb	clamped current field plus caller-supplied delta	0x01	0x0201bbf8,0x0201bbfc,0x0201bc02,0x0201bc10,0x0201bc14,0x0201bc18,0x0201bc22
ui_mode_entry_reset_current_field_0x9a	field_write	0x01c34c74+0x9a == 0x01c34d0e	constant zero on UI mode/state entry	0x01	0x02024ffe,0x02027df6,0x02027e00,0x02027e26,0x02027e2c,0x02027e2e
bulk_ui_patch_block_to_storage_then_current_snapshot_reload	producer_then_reload	selected backing record, then 0x01c34c74 via 0x02005660	UI/SysEx bulk patch payload staged at 0x01c37030+0xfa0		0x0201e448,0x0201e456,0x0201e468,0x0201e46c,0x0201e488,0x0201e494,0x0201e49c,0x0201e4a0,0x0201e580,0x0201e58c,0x0201e592
bank_or_preset_selection_reload	producer_then_reload	0x01c34c74 via 0x02005660	selected bank/preset backing record		0x02024212,0x0202422e,0x02025592,0x020255a2,0x020255a6
save_path_reads_current_snapshot	persistence_consumer	selected persistent raw163 record and packed128 record (confirmed RAM-to-storage)	0x01c33260+0x1a14	0xa3	0x02026d9e,0x02026da2,0x02026da4,0x02026da6,0x02026daa,0x02026dac,0x02004b04,0x02004b06,0x02004b08,0x02004b0a,0x02004866
no_memset_or_clear_to_current_source_found	negative_memset_trace	0x01c34c74 / 0x01c33260+0x1a14			0x02005694,0x0200569a,0x0201e634,0x0201c63e,0x0201c67c
note_off_copy_current_to_voice_slot	consumer_copy	dispatcher_r0 + voice_index*0xa0 + 0xa2	0x01c34c74	0x9c	0x0201c602,0x0201c630,0x0201c636,0x0201c63a,0x0201c63c,0x0201c63e
note_on_copy_current_to_voice_slot	consumer_copy	dispatcher_r0 + voice_index*0xa0 + 0xa2	0x01c34c74	0x9c	0x0201c602,0x0201c666,0x0201c66c,0x0201c674,0x0201c678,0x0201c67a,0x0201c67c
