address	size	bytes	op	target	dst	src	reg	imm	imm_signed	base	offset
0x0201e1a2	2	7904	push
0x0201e1a4	2	0416	mov_reg		4	0
0x0201e1a6	2	9016	mov_reg		0	9
0x0201e1a8	2	e020	add_imm8		0				-128
0x0201e1aa	2	f03d	add_imm8		0				-35
0x0201e1ac	4	80f83800	jne_imm7	0x0201e220			0	0x00000000
0x0201e1b0	6	c0ffbd65c401	mov_imm32		0			0x01c465bd
0x0201e1b6	4	2000b000	trylock
0x0201e1ba	4	40e83100	ifeq	0x0201e220
0x0201e1be	2	2000	csync
0x0201e1c0	2	0516	mov_reg		5	0
0x0201e1c2	2	5842	load_byte		0					5	2
0x0201e1c4	4	80f80700	jne_imm7	0x0201e1d6			0	0x00000000
0x0201e1c8	2	5b41	load_byte		3					5	1
0x0201e1ca	4	83f82500	jne_imm7	0x0201e218			3	0x00000000
0x0201e1ce	2	4021	mov_imm8		0			0x00000001
0x0201e1d0	2	d842	store_byte			0				5	2
0x0201e1d2	2	2000	csync
0x0201e1d4	2	0483	goto	0x0201e1dc
0x0201e1d6	4	80f81f02	jne_imm7	0x0201e218			0	0x00000001
0x0201e1da	2	5b41	load_byte		3					5	1
0x0201e1dc	4	03fd1c20	jge_imm7	0x0201e218			3	0x00000010
0x0201e1e0	2	3616	mov_reg		6	3
0x0201e1e2	4	e6e1a060	mul_imm12		6	6		0x000000a0
0x0201e1e6	6	c7ff2065c401	mov_imm32		7			0x01c46520
0x0201e1ec	2	6718	add_reg		7	6
0x0201e1ee	4	06e19c70	add_imm12		6	7		0x0000009c
0x0201e1f2	2	4020	mov_imm8		0			0x00000000
0x0201e1f4	2	e840	store_byte			0				6	0
0x0201e1f6	2	7016	mov_reg		0	7
0x0201e1f8	2	4116	mov_reg		1	4
0x0201e1fa	2	623c	mov_imm8		2			0x0000009c
0x0201e1fc	6	80ffccaa0200	call32	0x02048cce
0x0201e202	2	2000	csync
0x0201e204	2	4021	mov_imm8		0			0x00000001
0x0201e206	2	e840	store_byte			0				6	0
0x0201e208	2	5b41	load_byte		3					5	1
0x0201e20a	2	c321	add_imm8		3				1
0x0201e20c	2	db41	store_byte			3				5	1
0x0201e20e	4	83f80320	jne_imm7	0x0201e218			3	0x00000010
0x0201e212	2	2000	csync
0x0201e214	2	4022	mov_imm8		0			0x00000002
0x0201e216	2	d842	store_byte			0				5	2
0x0201e218	2	2000	csync
0x0201e21a	2	4020	mov_imm8		0			0x00000000
0x0201e21c	2	d840	store_byte			0				5	0
0x0201e21e	2	2000	csync
0x0201e220	2	5904	pop_pc
0x0201e222	2	7904	push
0x0201e224	2	5904	pop_pc
0x0201e226	2	7904	push
0x0201e228	2	0416	mov_reg		4	0
0x0201e22a	2	4940	load_byte		1					4	0
0x0201e22c	4	81f80bc4	jne_imm7	0x0201e246			1	0x00000062
0x0201e230	2	4941	load_byte		1					4	1
0x0201e232	4	81f808c6	jne_imm7	0x0201e246			1	0x00000063
0x0201e236	6	c5ffbd65c401	mov_imm32		5			0x01c465bd
0x0201e23c	2	4020	mov_imm8		0			0x00000000
0x0201e23e	2	d840	store_byte			0				5	0
0x0201e240	2	d841	store_byte			0				5	1
0x0201e242	2	d842	store_byte			0				5	2
0x0201e244	2	2000	csync
0x0201e246	2	4016	mov_reg		0	4
0x0201e248	6	80ff54ffffff	call32	0x0201e1a2
0x0201e24e	2	5904	pop_pc
