address	size	bytes	op	target	dst	src	reg	imm	imm_signed	base	offset	mutates
0x0201e13e	0x00000002	5316	mov_reg		0x00000003	0x00000005						
0x0201e140	0x00000002	0481	goto	0x0201e144								
0x0201e142	0x00000002	6316	mov_reg		0x00000003	0x00000006						
0x0201e144	0x00000002	7904	push									
0x0201e146	0x00000002	0416	mov_reg		0x00000004	0x00000000						
0x0201e148	0x00000002	9516	mov_reg		0x00000005	0x00000009						
0x0201e14a	0x00000004	85f81712	jne_imm7	0x0201e17c			0x00000005	0x00000009				
0x0201e14e	0x00000004	83fd1548	jl_imm7	0x0201e17c			0x00000003	0x00000024				
0x0201e152	0x00000004	03fd1368	jge_imm7	0x0201e17c			0x00000003	0x00000034				
0x0201e156	0x00000002	f33c	add_imm8		0x00000003				0x-0000024			
0x0201e158	0x00000006	c8ff2065c401	mov_imm32		0x00000008			0x01c46520				
0x0201e15e	0x00000004	05e19c80	add_imm12		0x00000005	0x00000008		0x0000009c				
0x0201e162	0x00000002	5843	load_byte		0x00000000					0x00000005	0x00000003	
0x0201e164	0x00000004	80f80a04	jne_imm7	0x0201e17c			0x00000000	0x00000002				
0x0201e168	0x00000004	e3e1a030	mul_imm12		0x00000003	0x00000003		0x000000a0				
0x0201e16c	0x00000002	8516	mov_reg		0x00000005	0x00000008						
0x0201e16e	0x00000002	3518	add_reg		0x00000005	0x00000003						
0x0201e170	0x00000004	06e19c50	add_imm12		0x00000006	0x00000005		0x0000009c				
0x0201e174	0x00000002	6840	load_byte		0x00000000					0x00000006	0x00000000	
0x0201e176	0x00000004	80f80102	jne_imm7	0x0201e17c			0x00000000	0x00000001				
0x0201e17a	0x00000002	5116	mov_reg		0x00000001	0x00000005						
0x0201e17c	0x00000002	4016	mov_reg		0x00000000	0x00000004						
0x0201e17e	0x00000006	80ff4aab0200	call32	0x02048cce								0x00000001
0x0201e184	0x00000002	5904	pop_pc									
