# storage-handle-translation	0x0200463a..0x0200467a
0200463a	1004	2	push	push rets	FALL_THROUGH	FUN_0200463a@0200463a
0200463c	4220	2	mov	mov r2,#0x0	FALL_THROUGH	FUN_0200463a@0200463a
0200463e	9a40	2	sb	sb r2,[r1 + 0x0]	FALL_THROUGH	FUN_0200463a@0200463a
02004640	0260	2	lw	lw r2,[r0 + 0x0]	FALL_THROUGH	FUN_0200463a@0200463a
02004642	2262	2	lw	lw r2,[r2 + 0x8]	FALL_THROUGH	FUN_0200463a@0200463a
02004644	d0ec2826	4	ldw	ldw r2,r2,#0x68	FALL_THROUGH	FUN_0200463a@0200463a
02004648	0241	2	jz	jz r2,0x0200464c	CONDITIONAL_JUMP	FUN_0200463a@0200463a
0200464a	c200	2	call	call r2	COMPUTED_CALL	FUN_0200463a@0200463a
0200464c	0004	2	pop	pop pc	TERMINATOR	FUN_0200463a@0200463a
0200464e	41e08b01	4	movz	movz r1,#0x18b	FALL_THROUGH	FUN_0200464e@0200464e
02004652	c2ff6032c301	6	mov	mov r2,#0x1c33260	FALL_THROUGH	FUN_0200464e@0200464e
02004658	1b81	2	add	add r3,r1,#0x1	FALL_THROUGH	FUN_0200464e@0200464e
0200465a	d8ec2a33	4	lw	lw r3,[r2+r3<<2]	FALL_THROUGH	FUN_0200464e@0200464e
0200465e	d8ec2a11	4	lw	lw r1,[r2+r1<<2]	FALL_THROUGH	FUN_0200464e@0200464e
02004662	881e	2	sub	sub r0,r0,r3	FALL_THROUGH	FUN_0200464e@0200464e
02004664	1018	2	add	add r0,r1	FALL_THROUGH	FUN_0200464e@0200464e
02004666	8000	2	rts	rts	TERMINATOR	FUN_0200464e@0200464e
02004668	1004	2	push	push rets	FALL_THROUGH	FUN_02004668@02004668
0200466a	0362	2	lw	lw r3,[r0 + 0x8]	FALL_THROUGH	FUN_02004668@02004668
0200466c	3366	2	lw	lw r3,[r3 + 0x18]	FALL_THROUGH	FUN_02004668@02004668
0200466e	0342	2	jz	jz r3,0x02004674	CONDITIONAL_JUMP	FUN_02004668@02004668
02004670	c300	2	call	call r3	COMPUTED_CALL	FUN_02004668@02004668
02004672	0004	2	pop	pop pc	TERMINATOR	FUN_02004668@02004668
02004674	102a	2	movs	movs r0,#-0x16	FALL_THROUGH	FUN_02004668@02004668
02004676	0004	2	pop	pop pc	TERMINATOR	FUN_02004668@02004668
02004678	7704	2	push	push {rets,r7,r6,r5,r4}	FALL_THROUGH	FUN_02004678@02004678

# read-wrapper	0x020047d8..0x02004884
020047d8	7a04	2	push	push {rets,r10,r9,r8,r7,r6,r5,r4}	FALL_THROUGH	FUN_020047d8@020047d8
020047da	c8ffb054c401	6	mov	mov r8,#0x1c454b0	FALL_THROUGH	FUN_020047d8@020047d8
020047e0	d0ec8033	4	ldw	ldw r3,r8,#0x30	FALL_THROUGH	FUN_020047d8@020047d8
020047e4	2716	2	mov	mov r7,r2	FALL_THROUGH	FUN_020047d8@020047d8
020047e6	1416	2	mov	mov r4,r1	FALL_THROUGH	FUN_020047d8@020047d8
020047e8	0916	2	mov	mov r9,r0	FALL_THROUGH	FUN_020047d8@020047d8
020047ea	751d	2	add	add r5,r7,r4	FALL_THROUGH	FUN_020047d8@020047d8
020047ec	07ec0a30	4	ja	ja r3,r7,0x02004804	CONDITIONAL_JUMP	FUN_020047d8@020047d8
020047f0	c0ff01f0ff00	6	mov	mov r0,#0xfff001	FALL_THROUGH	FUN_020047d8@020047d8
020047f6	80e92f50	4	jb	jb r5,r0,0x02004858	CONDITIONAL_JUMP	FUN_020047d8@020047d8
020047fa	d0ec8801	4	ldw	ldw r0,r8,#0x18	FALL_THROUGH	FUN_020047d8@020047d8
020047fe	29ff80072a00	6	jbe	jbe r0,#0x1000000,0x02004858	CONDITIONAL_JUMP	FUN_020047d8@020047d8
02004804	caff6032c301	6	mov	mov r10,#0x1c33260	FALL_THROUGH	FUN_020047d8@020047d8
0200480a	06e11cad	4	add	add r6,r10,#0xd1c	FALL_THROUGH	FUN_020047d8@020047d8
0200480e	6016	2	mov	mov r0,r6	FALL_THROUGH	FUN_020047d8@020047d8
02004810	80ff4aea0500	6	call	call 0x02063260	CALL_TERMINATOR	FUN_020047d8@020047d8
02004858	7016	2	mov	mov r0,r7	FALL_THROUGH	FUN_020047d8@020047d8
0200485a	80ff14bbbfff	6	call	call 0x01c00374	UNCONDITIONAL_CALL	FUN_020047d8@020047d8
02004860	0116	2	mov	mov r1,r0	FALL_THROUGH	FUN_020047d8@020047d8
02004862	9016	2	mov	mov r0,r9	FALL_THROUGH	FUN_020047d8@020047d8
02004864	4216	2	mov	mov r2,r4	FALL_THROUGH	FUN_020047d8@020047d8
02004866	80ff62440400	6	call	call 0x02048cce	UNCONDITIONAL_CALL	FUN_020047d8@020047d8
0200486c	4016	2	mov	mov r0,r4	FALL_THROUGH	FUN_020047d8@020047d8
0200486e	5a04	2	pop	pop {pc,r10,r9,r8,r7,r6,r5,r4}	TERMINATOR	FUN_020047d8@020047d8
02004870	7404	2	push	push {rets,r4}	FALL_THROUGH	FUN_02004870@02004870
02004872	2416	2	mov	mov r4,r2	FALL_THROUGH	FUN_02004870@02004870
02004874	1216	2	mov	mov r2,r1	FALL_THROUGH	FUN_02004870@02004870
02004876	4116	2	mov	mov r1,r4	FALL_THROUGH	FUN_02004870@02004870
02004878	518f	2	call	call 0x020047d8	UNCONDITIONAL_CALL	FUN_02004870@02004870
0200487a	90e80004	4	if	if (r0 != r4) {	FALL_THROUGH	FUN_02004870@02004870
0200487e	4420	2	mov	mov r4,#0x0	FALL_THROUGH	FUN_02004870@02004870
02004880	4016	2	} 	}  mov r0, r4	FALL_THROUGH	FUN_02004870@02004870
02004882	5404	2	pop	pop {pc,r4}	TERMINATOR	FUN_02004870@02004870

# write-wrapper	0x02004a7a..0x02004b16
02004a7a	7a04	2	push	push {rets,r10,r9,r8,r7,r6,r5,r4}	FALL_THROUGH	FUN_02004a7a@02004a7a
02004a7c	c3ffb054c401	6	mov	mov r3,#0x1c454b0	FALL_THROUGH	FUN_02004a7a@02004a7a
02004a82	26d6	2	mov	mov r6,r2	FALL_THROUGH	FUN_02004a7a@02004a7a
02004a84	3366	2	_lw	_lw r3,[r3 + 0x18]	FALL_THROUGH	FUN_02004a7a@02004a7a
02004a86	1a16	2	mov	mov r10,r1	FALL_THROUGH	FUN_02004a7a@02004a7a
02004a88	0716	2	mov	mov r7,r0	FALL_THROUGH	FUN_02004a7a@02004a7a
02004a8a	6118	2	add	add r1,r6	FALL_THROUGH	FUN_02004a7a@02004a7a
02004a8c	4020	2	mov	mov r0,#0x0	FALL_THROUGH	FUN_02004a7a@02004a7a
02004a8e	03ec3710	4	ja	ja r1,r3,0x02004b00	CONDITIONAL_JUMP	FUN_02004a7a@02004a7a
02004a92	c9ff6032c301	6	mov	mov r9,#0x1c33260	FALL_THROUGH	FUN_02004a7a@02004a7a
02004a98	08e11c9d	4	add	add r8,r9,#0xd1c	FALL_THROUGH	FUN_02004a7a@02004a7a
02004a9c	8016	2	mov	mov r0,r8	FALL_THROUGH	FUN_02004a7a@02004a7a
02004a9e	80ffbce70500	6	call	call 0x02063260	CALL_TERMINATOR	FUN_02004a7a@02004a7a
02004b00	5a04	2	pop	pop {pc,r10,r9,r8,r7,r6,r5,r4}	TERMINATOR	FUN_02004a7a@02004a7a
02004b02	7404	2	push	push {rets,r4}	FALL_THROUGH	FUN_02004b02@02004b02
02004b04	2416	2	mov	mov r4,r2	FALL_THROUGH	FUN_02004b02@02004b02
02004b06	1216	2	mov	mov r2,r1	FALL_THROUGH	FUN_02004b02@02004b02
02004b08	4116	2	mov	mov r1,r4	FALL_THROUGH	FUN_02004b02@02004b02
02004b0a	5197	2	call	call 0x02004a7a	UNCONDITIONAL_CALL	FUN_02004b02@02004b02
02004b0c	90e80004	4	if	if (r0 != r4) {	FALL_THROUGH	FUN_02004b02@02004b02
02004b10	4420	2	mov	mov r4,#0x0	FALL_THROUGH	FUN_02004b02@02004b02
02004b12	4016	2	} 	}  mov r0, r4	FALL_THROUGH	FUN_02004b02@02004b02
02004b14	5404	2	pop	pop {pc,r4}	TERMINATOR	FUN_02004b02@02004b02

# selection-writer	0x02005512..0x0200552e
02005512	1004	2	push	push rets	FALL_THROUGH	FUN_02005512@02005512
02005514	c0ff6032c301	6	mov	mov r0,#0x1c33260	FALL_THROUGH	FUN_02005512@02005512
0200551a	d1ec0016	4	ldw	ldw r1,r0,#0x160	FALL_THROUGH	FUN_02005512@02005512
0200551e	00e1a003	4	add	add r0,r0,#0x3a0	FALL_THROUGH	FUN_02005512@02005512
02005522	e1e0121c	4	add	add r1,r1,0x9200	FALL_THROUGH	FUN_02005512@02005512
02005526	4229	2	mov	mov r2,#0x9	FALL_THROUGH	FUN_02005512@02005512
02005528	bfeaebfa	4	call	call 0x02004b02	UNCONDITIONAL_CALL	FUN_02005512@02005512
0200552c	0004	2	pop	pop pc	TERMINATOR	FUN_02005512@02005512

# raw-record-loader	0x02005660..0x020057de
02005660	7804	2	push	push {rets,r8,r7,r6,r5,r4}	FALL_THROUGH	FUN_02005660@02005660
02005662	40e0a403	4	movz	movz r0,#0x3a4	FALL_THROUGH	FUN_02005660@02005660
02005666	c4ff6032c301	6	mov	mov r4,#0x1c33260	FALL_THROUGH	FUN_02005660@02005660
0200566c	d8ee4050	4	lb.z	lb.z r5,[r4 + r0]	FALL_THROUGH	FUN_02005660@02005660
02005670	05fcb506	4	ja	ja r5,0x3,0x020057de	CONDITIONAL_JUMP	FUN_02005660@02005660
02005674	501d	2	add	add r0,r5,r4	FALL_THROUGH	FUN_02005660@02005660
02005676	41e0a003	4	movz	movz r1,#0x3a0	FALL_THROUGH	FUN_02005660@02005660
0200567a	d8ee0061	4	lb.z	lb.z r6,[r0 + r1]	FALL_THROUGH	FUN_02005660@02005660
0200567e	06fcae3e	4	ja	ja r6,0x1f,0x020057de	CONDITIONAL_JUMP	FUN_02005660@02005660
02005682	d1ec4476	4	ldw	ldw r7,r4,#0x164	FALL_THROUGH	FUN_02005660@02005660
02005686	50a5	2	lsl	lsl r0,r5,0x5	FALL_THROUGH	FUN_02005660@02005660
02005688	6018	2	add	add r0,r6	FALL_THROUGH	FUN_02005660@02005660
0200568a	e0e1a300	4	mul	mul r0,r0,#0xa3	FALL_THROUGH	FUN_02005660@02005660
0200568e	7018	2	add	add r0,r7	FALL_THROUGH	FUN_02005660@02005660
02005690	e1e0800c	4	add	add r1,r0,0x4000	FALL_THROUGH	FUN_02005660@02005660
02005694	10e1144a	4	add	add r0,r4,0x1a14	FALL_THROUGH	FUN_02005660@02005660
02005698	6a23	2	mov	mov r2,#0xa3	FALL_THROUGH	FUN_02005660@02005660
0200569a	80ff2e360400	6	call	call 0x02048cce	UNCONDITIONAL_CALL	FUN_02005660@02005660
020056a0	51ac	2	lsl	lsl r1,r5,0xc	FALL_THROUGH	FUN_02005660@02005660
020056a2	781c	2	add	add r0,r7,r1	FALL_THROUGH	FUN_02005660@02005660
020056a4	62a7	2	lsl	lsl r2,r6,0x7	FALL_THROUGH	FUN_02005660@02005660
020056a6	b4e00082	4	add	add r8,r0,r2	FALL_THROUGH	FUN_02005660@02005660
020056aa	2118	2	add	add r1,r2	FALL_THROUGH	FUN_02005660@02005660
020056ac	7118	2	add	add r1,r7	FALL_THROUGH	FUN_02005660@02005660
020056ae	c130	2	add	add r1,#0x10	FALL_THROUGH	FUN_02005660@02005660
020056b0	4220	2	mov	mov r2,#0x0	FALL_THROUGH	FUN_02005660@02005660
020056b2	148d	2	goto	goto 0x0200570e	UNCONDITIONAL_JUMP	FUN_02005660@02005660
020056b4	231d	2	add	add r3,r2,r4	FALL_THROUGH	FUN_02005660@02005660
020056b6	15e1143a	4	add	add r5,r3,0x1a14	FALL_THROUGH	FUN_02005660@02005660
020056ba	36e1f01f	4	add	add r6,r1,#-0x10	FALL_THROUGH	FUN_02005660@02005660
020056be	5716	2	mov	mov r7,r5	FALL_THROUGH	FUN_02005660@02005660
020056c0	108a	2	rep	rep #0x4,#0xb	FALL_THROUGH	FUN_02005660@02005660
020056c2	6007	2	lb.z	lb.z r0,[r6 ++= 1]	FALL_THROUGH	FUN_02005660@02005660
020056c4	f007	2	sb	sb r0,[r7 ++= 1]	CONDITIONAL_JUMP	FUN_02005660@02005660
020056c6	185b	2	lb.z	lb.z r0,[r1 + -0x5]	FALL_THROUGH	FUN_02005660@02005660
020056c8	76e1fc00	4	and	and r6,r0,#0xffffff03	FALL_THROUGH	FUN_02005660@02005660
020056cc	b0f10801	4	uextra	uextra r0,r0,0x2,0x2	FALL_THROUGH	FUN_02005660@02005660
020056d0	de4b	2	_sb	_sb r6,[r5 + 0xb]	FALL_THROUGH	FUN_02005660@02005660
020056d2	d84c	2	sb	sb r0,[r5 + 0xc]	FALL_THROUGH	FUN_02005660@02005660
020056d8	66e10700	4	and	and r6,r0,#0x7	FALL_THROUGH	-
020056dc	80a3	2	lsr	lsr r0,r0,0x3	FALL_THROUGH	-
020056de	13f1243a	4	add	add r3,r3,0x1a24	FALL_THROUGH	-
020056e2	de4d	2	_sb	_sb r6,[r5 + 0xd]	FALL_THROUGH	-
020056e4	b844	2	sb	sb r0,[r3 + 0x4]	FALL_THROUGH	-
020056ea	66e10300	4	and	and r6,r0,#0x3	FALL_THROUGH	-
020056ee	de4e	2	sb	sb r6,[r5 + 0xe]	FALL_THROUGH	-
020056f0	80a2	2	lsr	lsr r0,r0,0x2	FALL_THROUGH	-
020056f2	d84f	2	sb	sb r0,[r5 + 0xf]	FALL_THROUGH	-
020056f4	185e	2	lb.z	lb.z r0,[r1 + -0x2]	FALL_THROUGH	-
020056f6	b840	2	sb	sb r0,[r3 + 0x0]	FALL_THROUGH	-
020056fc	65e10100	4	and	and r5,r0,#0x1	FALL_THROUGH	-
02005700	bd41	2	sb	sb r5,[r3 + 0x1]	FALL_THROUGH	-
02005702	80a1	2	lsr	lsr r0,r0,0x1	FALL_THROUGH	-
02005704	b842	2	sb	sb r0,[r3 + 0x2]	FALL_THROUGH	-
02005708	1101	2	tbh	tbh r1	COMPUTED_JUMP	-
0200570a	b843	2	sb	sb r0,[r3 + 0x3]	FALL_THROUGH	-
0200570c	c235	2	add	add r2,#0x15	FALL_THROUGH	-
0200570e	82f8d1fd	4	jne	jne r2,#0x7e,0x020056b4	CONDITIONAL_JUMP	FUN_02005660@02005660
02005712	15e1904a	4	add	add r5,r4,0x1a90	FALL_THROUGH	FUN_02005660@02005660
02005716	00e16680	4	add	add r0,r8,#0x66	FALL_THROUGH	FUN_02005660@02005660
0200571a	5982	2	add	add r1,r5,#0x2	FALL_THROUGH	FUN_02005660@02005660
0200571c	0216	2	mov	mov r2,r0	FALL_THROUGH	FUN_02005660@02005660
0200571e	1087	2	rep	rep #0x4,#0x8	FALL_THROUGH	FUN_02005660@02005660
02005720	2307	2	lb.z	lb.z r3,[r2 ++= 1]	FALL_THROUGH	FUN_02005660@02005660
02005722	9307	2	sb	sb r3,[r1 ++= 1]	CONDITIONAL_JUMP	FUN_02005660@02005660
02005724	0948	2	lb.z	lb.z r1,[r0 + 0x8]	FALL_THROUGH	FUN_02005660@02005660
02005726	d94a	2	sb	sb r1,[r5 + 0xa]	FALL_THROUGH	FUN_02005660@02005660
02005728	54ee0910	4	lb.s	lb.s r1,[r0+#0x9]	FALL_THROUGH	FUN_02005660@02005660
0200572c	62e10710	4	and	and r2,r1,#0x7	FALL_THROUGH	FUN_02005660@02005660
02005730	da4b	2	sb	sb r2,[r5 + 0xb]	FALL_THROUGH	FUN_02005660@02005660
02005732	91a3	2	lsr	lsr r1,r1,0x3	FALL_THROUGH	FUN_02005660@02005660
02005734	d94c	2	sb	sb r1,[r5 + 0xc]	FALL_THROUGH	FUN_02005660@02005660
02005736	598d	2	add	add r1,r5,#0xd	FALL_THROUGH	FUN_02005660@02005660
02005738	0a8a	2	add	add r2,r0,#0xa	FALL_THROUGH	FUN_02005660@02005660
0200573a	1083	2	rep	rep #0x4,#0x4	FALL_THROUGH	FUN_02005660@02005660
0200573c	2307	2	lb.z	lb.z r3,[r2 ++= 1]	FALL_THROUGH	FUN_02005660@02005660
0200573e	9307	2	sb	sb r3,[r1 ++= 1]	CONDITIONAL_JUMP	FUN_02005660@02005660
02005740	094e	2	lb.z	lb.z r1,[r0 + 0xe]	FALL_THROUGH	FUN_02005660@02005660
02005742	72e1fe10	4	and	and r2,r1,#0xffffff01	FALL_THROUGH	FUN_02005660@02005660
02005746	13e1a04a	4	add	add r3,r4,0x1aa0	FALL_THROUGH	FUN_02005660@02005660
0200574a	b2f18c10	4	uextra	uextra r2,r1,0x1,0x3	FALL_THROUGH	FUN_02005660@02005660
0200574e	ba41	2	_sb	_sb r2,[r3 + 0x1]	FALL_THROUGH	FUN_02005660@02005660
02005750	19d7	2	sxtb	sxtb r1,r1	FALL_THROUGH	FUN_02005660@02005660
02005752	ba42	2	_sb	_sb r2,[r3 + 0x2]	FALL_THROUGH	FUN_02005660@02005660
02005754	91a4	2	lsr	lsr r1,r1,0x4	FALL_THROUGH	FUN_02005660@02005660
02005756	b943	2	sb	sb r1,[r3 + 0x3]	FALL_THROUGH	FUN_02005660@02005660
02005758	094f	2	lb.z	lb.z r1,[r0 + 0xf]	FALL_THROUGH	FUN_02005660@02005660
0200575a	b944	2	sb	sb r1,[r3 + 0x4]	FALL_THROUGH	FUN_02005660@02005660
0200575c	5995	2	add	add r1,r5,#0x15	FALL_THROUGH	FUN_02005660@02005660
0200575e	c030	2	add	add r0,#0x10	FALL_THROUGH	FUN_02005660@02005660
02005760	1089	2	rep	rep #0x4,#0xa	FALL_THROUGH	FUN_02005660@02005660
02005762	0207	2	lb.z	lb.z r2,[r0 ++= 1]	FALL_THROUGH	FUN_02005660@02005660
02005764	9207	2	sb	sb r2,[r1 ++= 1]	CONDITIONAL_JUMP	FUN_02005660@02005660
02005766	483f	2	mov	mov r0,#0x3f	FALL_THROUGH	FUN_02005660@02005660
02005768	16f1b04a	4	add	add r6,r4,0x1ab0	FALL_THROUGH	FUN_02005660@02005660
0200576c	b84f	2	_sb	_sb r0,[r3 + 0xf]	FALL_THROUGH	FUN_02005660@02005660
0200576e	6840	2	lb.z	lb.z r0,[r6 + 0x0]	FALL_THROUGH	FUN_02005660@02005660
02005770	bfeaddfe	4	call	call 0x0200552e	UNCONDITIONAL_CALL	FUN_02005660@02005660
02005774	6841	2	lb.z	lb.z r0,[r6 + 0x1]	FALL_THROUGH	FUN_02005660@02005660
02005776	bfea0aff	4	call	call 0x0200558e	UNCONDITIONAL_CALL	FUN_02005660@02005660
0200577a	6842	2	lb.z	lb.z r0,[r6 + 0x2]	FALL_THROUGH	FUN_02005660@02005660
0200577c	bfea3cff	4	call	call 0x020055f8	UNCONDITIONAL_CALL	FUN_02005660@02005660
02005780	6843	2	lb.z	lb.z r0,[r6 + 0x3]	FALL_THROUGH	FUN_02005660@02005660
02005782	bfea53ff	4	call	call 0x0200562c	UNCONDITIONAL_CALL	FUN_02005660@02005660
02005786	42f0a003	4	movz	movz r2,#0x3a0	FALL_THROUGH	FUN_02005660@02005660
0200578a	6846	2	_lb.z	_lb.z r0,[r6 + 0x6]	FALL_THROUGH	FUN_02005660@02005660
0200578c	d1ec4c15	4	ldw	ldw r1,r4,#0x15c	FALL_THROUGH	FUN_02005660@02005660
02005790	52ee1601	4	sb	sb r0,[r1 + 0x16]	FALL_THROUGH	FUN_02005660@02005660
02005794	40e0b901	4	movz	movz r0,#0x1b9	FALL_THROUGH	FUN_02005660@02005660
02005798	d0ec1d09	4	sw	sw r0,[r1 + 0x9c]	FALL_THROUGH	FUN_02005660@02005660
0200579c	40e0a403	4	movz	movz r0,#0x3a4	FALL_THROUGH	FUN_02005660@02005660
020057a0	d8ee4000	4	lb.z	lb.z r0,[r4 + r0]	FALL_THROUGH	FUN_02005660@02005660
020057a4	011d	2	add	add r1,r0,r4	FALL_THROUGH	FUN_02005660@02005660
020057a6	d8ee1012	4	lb.z	lb.z r1,[r1 + r2]	FALL_THROUGH	FUN_02005660@02005660
020057aa	00a5	2	lsl	lsl r0,r0,0x5	FALL_THROUGH	FUN_02005660@02005660
020057ac	1018	2	add	add r0,r1	FALL_THROUGH	FUN_02005660@02005660
020057ae	4018	2	add	add r0,r4	FALL_THROUGH	FUN_02005660@02005660
020057b0	41e09c12	4	movz	movz r1,#0x129c	FALL_THROUGH	FUN_02005660@02005660
020057b4	d8ee0001	4	lb.z	lb.z r0,[r0 + r1]	FALL_THROUGH	FUN_02005660@02005660
020057b8	00f80702	4	je	je r0,0x1,0x020057ca	CONDITIONAL_JUMP	FUN_02005660@02005660
020057bc	8050	2	jnz	jnz r0,0x020057de	CONDITIONAL_JUMP	FUN_02005660@02005660
020057be	13e19a4a	4	add	add r3,r4,0x1a9a	FALL_THROUGH	FUN_02005660@02005660
020057c2	389b	2	add	add r0,r3,#0x1b	FALL_THROUGH	FUN_02005660@02005660
020057c4	3a81	2	add	add r2,r3,#0x1	FALL_THROUGH	FUN_02005660@02005660
020057c6	399a	2	add	add r1,r3,#0x1a	FALL_THROUGH	FUN_02005660@02005660
020057c8	0486	2	goto	goto 0x020057d6	UNCONDITIONAL_JUMP	FUN_02005660@02005660
020057ca	598a	2	add	add r1,r5,#0xa	FALL_THROUGH	FUN_02005660@02005660
020057cc	588b	2	add	add r0,r5,#0xb	FALL_THROUGH	FUN_02005660@02005660
020057ce	02e12550	4	add	add r2,r5,#0x25	FALL_THROUGH	FUN_02005660@02005660
020057d2	03e12450	4	add	add r3,r5,#0x24	FALL_THROUGH	FUN_02005660@02005660
020057d6	3b40	2	lb.z	lb.z r3,[r3 + 0x0]	FALL_THROUGH	FUN_02005660@02005660
020057d8	9b40	2	sb	sb r3,[r1 + 0x0]	FALL_THROUGH	FUN_02005660@02005660
020057da	2940	2	lb.z	lb.z r1,[r2 + 0x0]	FALL_THROUGH	FUN_02005660@02005660
020057dc	8940	2	sb	sb r1,[r0 + 0x0]	FALL_THROUGH	FUN_02005660@02005660

# boot-store-open-read-select-load	0x02005edc..0x02005fac
02005edc	0416	2	mov	mov r4,r0	FALL_THROUGH	-
02005ede	044e	2	jz	jz r4,0x02005efc	CONDITIONAL_JUMP	-
02005ee0	8988	2	add	add r1,sp,#0x8	FALL_THROUGH	-
02005ee2	bfeaaaf3	4	call	call 0x0200463a	UNCONDITIONAL_CALL	-
02005ee6	0524	2	lw	lw r5,[sp+0x10]	FALL_THROUGH	-
02005ee8	5016	2	mov	mov r0,r5	FALL_THROUGH	-
02005eea	bfeab0f3	4	call	call 0x0200464e	UNCONDITIONAL_CALL	-
02005eee	d1ec6106	4	sw	sw r0,[r6 + 0x160]	FALL_THROUGH	-
02005ef2	d1ec6556	4	sw	sw r5,[r6 + 0x164]	FALL_THROUGH	-
02005ef6	4016	2	mov	mov r0,r4	FALL_THROUGH	-
02005ef8	bfeabef3	4	call	call 0x02004678	UNCONDITIONAL_CALL	-
02005efc	d1ec6006	4	ldw	ldw r0,r6,#0x160	FALL_THROUGH	-
02005f00	c1ff80910000	6	mov	mov r1,#0x9180	FALL_THROUGH	-
02005f06	0118	2	add	add r1,r0	FALL_THROUGH	-
02005f08	10e19c62	4	add	add r0,r6,0x129c	FALL_THROUGH	-
02005f0c	6220	2	mov	mov r2,#0x80	FALL_THROUGH	-
02005f0e	bfeaaff4	4	call	call 0x02004870	UNCONDITIONAL_CALL	-
02005f12	d1ec6016	4	ldw	ldw r1,r6,#0x160	FALL_THROUGH	-
02005f16	00e1a063	4	add	add r0,r6,#0x3a0	FALL_THROUGH	-
02005f1a	e1e0121c	4	add	add r1,r1,0x9200	FALL_THROUGH	-
02005f1e	4229	2	mov	mov r2,#0x9	FALL_THROUGH	-
02005f20	bfeaa6f4	4	call	call 0x02004870	UNCONDITIONAL_CALL	-
02005f24	40e0a803	4	movz	movz r0,#0x3a8	FALL_THROUGH	-
02005f28	d8ee6020	4	lb.z	lb.z r2,[r6 + r0]	FALL_THROUGH	-
02005f2c	c1ff5529c401	6	mov	mov r1,#0x1c42955	FALL_THROUGH	-
02005f32	c0ff4d29c401	6	mov	mov r0,#0x1c4294d	FALL_THROUGH	-
02005f38	82f81010	4	jne	jne r2,#0x8,0x02005f5c	CONDITIONAL_JUMP	-
02005f3c	42e0a503	4	movz	movz r2,#0x3a5	FALL_THROUGH	-
02005f40	d8ee6022	4	lb.z	lb.z r2,[r6 + r2]	FALL_THROUGH	-
02005f48	c3ff5c8fa23f	6	mov	mov r3,#0x3fa28f5c	FALL_THROUGH	-
02005f56	9a40	2	sb	sb r2,[r1 + 0x0]	FALL_THROUGH	-
02005f58	8a40	2	sb	sb r2,[r0 + 0x0]	FALL_THROUGH	-
02005f5a	0492	2	goto	goto 0x02005f80	UNCONDITIONAL_JUMP	-
02005f5c	02e1a063	4	add	add r2,r6,#0x3a0	FALL_THROUGH	-
02005f60	4320	2	mov	mov r3,#0x0	FALL_THROUGH	-
02005f62	2416	2	mov	mov r4,r2	FALL_THROUGH	-
02005f64	0084	2	rep	rep #0x2,#0x5	FALL_THROUGH	-
02005f66	c307	2	sb	sb r3,[r4 ++= 1]	CONDITIONAL_JUMP	-
02005f68	432f	2	mov	mov r3,#0xf	FALL_THROUGH	-
02005f6a	ab45	2	sb	sb r3,[r2 + 0x5]	FALL_THROUGH	-
02005f6c	432c	2	mov	mov r3,#0xc	FALL_THROUGH	-
02005f6e	ab46	2	sb	sb r3,[r2 + 0x6]	FALL_THROUGH	-
02005f70	ab47	2	sb	sb r3,[r2 + 0x7]	FALL_THROUGH	-
02005f72	4333	2	mov	mov r3,#0x13	FALL_THROUGH	-
02005f74	9b40	2	sb	sb r3,[r1 + 0x0]	FALL_THROUGH	-
02005f76	8b40	2	sb	sb r3,[r0 + 0x0]	FALL_THROUGH	-
02005f78	4028	2	mov	mov r0,#0x8	FALL_THROUGH	-
02005f7a	a848	2	sb	sb r0,[r2 + 0x8]	FALL_THROUGH	-
02005f7c	bfeac9fa	4	call	call 0x02005512	UNCONDITIONAL_CALL	-
02005f80	40e0a603	4	movz	movz r0,#0x3a6	FALL_THROUGH	-
02005f84	d8ee6000	4	lb.z	lb.z r0,[r6 + r0]	FALL_THROUGH	-
02005f88	d1ec6c15	4	ldw	ldw r1,r6,#0x15c	FALL_THROUGH	-
02005f8c	52ee1004	4	sb	sb r0,[r1 + 0x40]	FALL_THROUGH	-
02005f90	40e0a703	4	movz	movz r0,#0x3a7	FALL_THROUGH	-
02005f94	d8ee6000	4	lb.z	lb.z r0,[r6 + r0]	FALL_THROUGH	-
02005f98	52ee1104	4	sb	sb r0,[r1 + 0x41]	FALL_THROUGH	-
02005f9c	bfea60fb	4	call	call 0x02005660	UNCONDITIONAL_CALL	-
02005fa0	d1ec6c05	4	ldw	ldw r0,r6,#0x15c	FALL_THROUGH	-
02005fa4	bfea1cfc	4	call	call 0x020057e0	UNCONDITIONAL_CALL	-
02005fa8	028b	2	add	add sp,#0x2c	FALL_THROUGH	-
02005faa	5f04	2	pop	pop {pc,r15,r14,r13,r12,r11,r10,r9,r8,r7,r6,r5,r4}	TERMINATOR	-

# official-save	0x02026d6c..0x02026dde
02026d6c	40e0ec01	4	movz	movz r0,#0x1ec	FALL_THROUGH	-
02026d70	d8ee8000	4	lb.z	lb.z r0,[r8 + r0]	FALL_THROUGH	-
02026d74	01ff00009603	6	jne	jne r0,#0x0,0x020274a6	CONDITIONAL_JUMP	-
02026d7a	60ffff602a00	6	jmz	jmz r6,#0xff,0x02026dd4	CONDITIONAL_JUMP	-
02026d80	05e1a083	4	add	add r5,r8,#0x3a0	FALL_THROUGH	-
02026d84	5844	2	lb.z	lb.z r0,[r5 + 0x4]	FALL_THROUGH	-
02026d86	d8ee0015	4	lb.z	lb.z r1,[r0 + r5]	FALL_THROUGH	-
02026d8a	00a5	2	lsl	lsl r0,r0,0x5	FALL_THROUGH	-
02026d8c	d1ec8026	4	ldw	ldw r2,r8,#0x160	FALL_THROUGH	-
02026d90	1018	2	add	add r0,r1	FALL_THROUGH	-
02026d92	0017	2	uxtb	uxtb r0,r0	FALL_THROUGH	-
02026d94	e0e1a300	4	mul	mul r0,r0,#0xa3	FALL_THROUGH	-
02026d98	2018	2	add	add r0,r2	FALL_THROUGH	-
02026d9a	e1e0800c	4	add	add r1,r0,0x4000	FALL_THROUGH	-
02026d9e	14e1148a	4	add	add r4,r8,0x1a14	FALL_THROUGH	-
02026da2	6a23	2	mov	mov r2,#0xa3	FALL_THROUGH	-
02026da4	4016	2	mov	mov r0,r4	FALL_THROUGH	-
02026da6	beeaacee	4	call	call 0x02004b02	UNCONDITIONAL_CALL	-
02026daa	4016	2	mov	mov r0,r4	FALL_THROUGH	-
02026dac	bfeac7b9	4	call	call 0x0201e13e	UNCONDITIONAL_CALL	-
02026db0	5844	2	lb.z	lb.z r0,[r5 + 0x4]	FALL_THROUGH	-
02026db2	d8ee0015	4	lb.z	lb.z r1,[r0 + r5]	FALL_THROUGH	-
02026db6	00a5	2	lsl	lsl r0,r0,0x5	FALL_THROUGH	-
02026db8	0118	2	add	add r1,r0	FALL_THROUGH	-
02026dba	10e19c82	4	add	add r0,r8,0x129c	FALL_THROUGH	-
02026dbe	d8ee11f0	4	sb	sb r15,[r1 + r0]	FALL_THROUGH	-
02026dc2	d1ec8016	4	ldw	ldw r1,r8,#0x160	FALL_THROUGH	-
02026dc6	c2ff80910000	6	mov	mov r2,#0x9180	FALL_THROUGH	-
02026dcc	2118	2	add	add r1,r2	FALL_THROUGH	-
02026dce	6220	2	mov	mov r2,#0x80	FALL_THROUGH	-
02026dd0	beea97ee	4	call	call 0x02004b02	UNCONDITIONAL_CALL	-
02026dd4	40e0ec01	4	movz	movz r0,#0x1ec	FALL_THROUGH	-
02026dd8	d8ee81f0	4	sb	sb r15,[r8 + r0]	FALL_THROUGH	-
02026ddc	b584	2	goto	goto 0x020274a6	UNCONDITIONAL_JUMP	-

