02000016	c3ffd499c001	6	mov	mov r3,#0x1c099d4	FALL_THROUGH	-
0200001c	4120	2	mov	mov r1,#0x0	FALL_THROUGH	-
0200001e	c2ffeccb0300	6	mov	mov r2,#0x3cbec	FALL_THROUGH	-
02000024	a2a2	2	lsr	lsr r2,r2,0x2	FALL_THROUGH	-
02000026	0203	2	rep	rep 0x2,r2	FALL_THROUGH	-
02000028	b105	2	sw	sw r1,[r3 ++= 4]	FALL_THROUGH	-
0200002a	f25d	2	jnz	jnz r2,0x02000026	CONDITIONAL_JUMP	-
0200002c	c4ff0000c001	6	mov	mov r4,#0x1c00000	FALL_THROUGH	-
0201c630	e1e1a020	4	mul	mul r1,r2,#0xa0	FALL_THROUGH	FUN_0201c5ec@0201c5ec
0201c634	0e1c	2	add	add r6,r0,r1	FALL_THROUGH	FUN_0201c5ec@0201c5ec
0201c636	00e1a260	4	add	add r0,r6,#0xa2	FALL_THROUGH	FUN_0201c5ec@0201c5ec
0201c63a	623c	2	mov	mov r2,#0x9c	FALL_THROUGH	FUN_0201c5ec@0201c5ec
0201c63c	8116	2	mov	mov r1,r8	FALL_THROUGH	FUN_0201c5ec@0201c5ec
0201c63e	80fffa1a0000	6	call	call 0x0201e13e	UNCONDITIONAL_CALL	FUN_0201c5ec@0201c5ec
0201c644	00e13e61	4	add	add r0,r6,#0x13e	FALL_THROUGH	FUN_0201c5ec@0201c5ec
0201c648	8d40	2	sb	sb r5,[r0 + 0x0]	FALL_THROUGH	FUN_0201c5ec@0201c5ec
0201c64a	52ee0190	4	sb	sb r1,[r0 + 0x1]	FALL_THROUGH	FUN_0201c5ec@0201c5ec
0201c64e	5135	2	mov	mov r1,#0x55	FALL_THROUGH	FUN_0201c5ec@0201c5ec
0201c650	049f	2	goto	goto 0x0201c690	UNCONDITIONAL_JUMP	FUN_0201c5ec@0201c5ec
0201c652	82fd5d06	4	jl	jl r2,#0x3,0x0201c710	CONDITIONAL_JUMP	FUN_0201c5ec@0201c5ec
0201c656	50eea120	4	lb.z	lb.z r2,[r10 + 0x1]	FALL_THROUGH	FUN_0201c5ec@0201c5ec
0201c65a	50eea040	4	lb.z	lb.z r4,[r10 + 0x0]	FALL_THROUGH	FUN_0201c5ec@0201c5ec
0201c65e	c21e	2	sub	sub r2,r4,r2	FALL_THROUGH	FUN_0201c5ec@0201c5ec
0201c660	2217	2	uxtb	uxtb r2,r2	FALL_THROUGH	FUN_0201c5ec@0201c5ec
0201c662	02fc551e	4	ja	ja r2,0xf,0x0201c710	CONDITIONAL_JUMP	FUN_0201c5ec@0201c5ec
0201c666	72f1f040	4	and	and r2,r4,#0xffffff0f	FALL_THROUGH	FUN_0201c5ec@0201c5ec
0201c66a	1d42	2	_lb.z	_lb.z r5,[r1 + 0x2]	FALL_THROUGH	FUN_0201c5ec@0201c5ec
0201c66c	e1f1a020	4	mul	mul r1,r2,#0xa0	FALL_THROUGH	FUN_0201c5ec@0201c5ec
0201c670	1e41	2	_lb.z	_lb.z r6,[r1 + 0x1]	FALL_THROUGH	FUN_0201c5ec@0201c5ec
0201c672	0f1c	2	add	add r7,r0,r1	FALL_THROUGH	FUN_0201c5ec@0201c5ec
0201c674	00e1a270	4	add	add r0,r7,#0xa2	FALL_THROUGH	FUN_0201c5ec@0201c5ec
0201c678	623c	2	mov	mov r2,#0x9c	FALL_THROUGH	FUN_0201c5ec@0201c5ec
0201c67a	8116	2	mov	mov r1,r8	FALL_THROUGH	FUN_0201c5ec@0201c5ec
0201c67c	80ffec1a0000	6	call	call 0x0201e16e	UNCONDITIONAL_CALL	FUN_0201c5ec@0201c5ec
0201c682	00e13e71	4	add	add r0,r7,#0x13e	FALL_THROUGH	FUN_0201c5ec@0201c5ec
0201c686	8e40	2	sb	sb r6,[r0 + 0x0]	FALL_THROUGH	FUN_0201c5ec@0201c5ec
0201c688	52ee0190	4	sb	sb r1,[r0 + 0x1]	FALL_THROUGH	FUN_0201c5ec@0201c5ec
0201c68c	8d42	2	sb	sb r5,[r0 + 0x2]	FALL_THROUGH	FUN_0201c5ec@0201c5ec
0201c68e	5124	2	mov	mov r1,#0x44	FALL_THROUGH	FUN_0201c5ec@0201c5ec
0201c690	8943	2	sb	sb r1,[r0 + 0x3]	FALL_THROUGH	FUN_0201c5ec@0201c5ec
0201e13e	7904	2	push	push {rets,r9,r8,r7,r6,r5,r4}	FALL_THROUGH	FUN_0201e13e@0201e13e
0201e140	9316	2	mov	mov r3,r9	FALL_THROUGH	FUN_0201e13e@0201e13e
0201e142	83f81012	4	jne	jne r3,#0x9,0x0201e166	CONDITIONAL_JUMP	FUN_0201e13e@0201e13e
0201e146	0516	2	mov	mov r5,r0	FALL_THROUGH	FUN_0201e13e@0201e13e
0201e148	c4ffbc65c401	6	mov	mov r4,#0x1c465bc	FALL_THROUGH	FUN_0201e13e@0201e13e
0201e14e	4840	2	lb.z	lb.z r0,[r4 + 0x0]	FALL_THROUGH	FUN_0201e13e@0201e13e
0201e150	80f80902	4	jne	jne r0,#0x1,0x0201e166	CONDITIONAL_JUMP	FUN_0201e13e@0201e13e
0201e154	5016	2	mov	mov r0,r5	FALL_THROUGH	FUN_0201e13e@0201e13e
0201e156	c1ff2065c401	6	mov	mov r1,#0x1c46520	FALL_THROUGH	FUN_0201e13e@0201e13e
0201e15c	623c	2	mov	mov r2,#0x9c	FALL_THROUGH	FUN_0201e13e@0201e13e
0201e15e	80ff6aab0200	6	call	call 0x02048cce	UNCONDITIONAL_CALL	FUN_0201e13e@0201e13e
0201e164	5904	2	pop	pop {pc,r9,r8,r7,r6,r5,r4}	TERMINATOR	FUN_0201e13e@0201e13e
0201e166	80ff62ab0200	6	call	call 0x02048cce	UNCONDITIONAL_CALL	FUN_0201e13e@0201e13e
0201e16c	5904	2	pop	pop {pc,r9,r8,r7,r6,r5,r4}	TERMINATOR	FUN_0201e13e@0201e13e
0201e16e	7904	2	push	push {rets,r9,r8,r7,r6,r5,r4}	FALL_THROUGH	FUN_0201e16e@0201e16e
0201e170	9316	2	mov	mov r3,r9	FALL_THROUGH	FUN_0201e16e@0201e16e
0201e172	83f81012	4	jne	jne r3,#0x9,0x0201e196	CONDITIONAL_JUMP	FUN_0201e16e@0201e16e
0201e176	0516	2	mov	mov r5,r0	FALL_THROUGH	FUN_0201e16e@0201e16e
0201e178	c4ffbc65c401	6	mov	mov r4,#0x1c465bc	FALL_THROUGH	FUN_0201e16e@0201e16e
0201e17e	4840	2	lb.z	lb.z r0,[r4 + 0x0]	FALL_THROUGH	FUN_0201e16e@0201e16e
0201e180	80f80902	4	jne	jne r0,#0x1,0x0201e196	CONDITIONAL_JUMP	FUN_0201e16e@0201e16e
0201e184	5016	2	mov	mov r0,r5	FALL_THROUGH	FUN_0201e16e@0201e16e
0201e186	c1ff2065c401	6	mov	mov r1,#0x1c46520	FALL_THROUGH	FUN_0201e16e@0201e16e
0201e18c	623c	2	mov	mov r2,#0x9c	FALL_THROUGH	FUN_0201e16e@0201e16e
0201e18e	80ff3aab0200	6	call	call 0x02048cce	UNCONDITIONAL_CALL	FUN_0201e16e@0201e16e
0201e194	5904	2	pop	pop {pc,r9,r8,r7,r6,r5,r4}	TERMINATOR	FUN_0201e16e@0201e16e
0201e196	80ff32ab0200	6	call	call 0x02048cce	UNCONDITIONAL_CALL	FUN_0201e16e@0201e16e
0201e19c	5904	2	pop	pop {pc,r9,r8,r7,r6,r5,r4}	TERMINATOR	FUN_0201e16e@0201e16e
0201e19e	7904	2	push	push {rets,r9,r8,r7,r6,r5,r4}	FALL_THROUGH	FUN_0201e19e@0201e19e
0201e1a0	0416	2	mov	mov r4,r0	FALL_THROUGH	FUN_0201e19e@0201e19e
0201e1a2	c0ffbd65c401	6	mov	mov r0,#0x1c465bd	FALL_THROUGH	FUN_0201e19e@0201e19e
0201e1a8	2000	2	csync	csync	FALL_THROUGH	FUN_0201e19e@0201e19e
0201e1aa	b000	2	testset	testset b[r0]	FALL_THROUGH	FUN_0201e19e@0201e19e
0201e1b0	2000	2	csync	csync	FALL_THROUGH	-
0201e1b2	c5ffbc65c401	6	mov	mov r5,#0x1c465bc	FALL_THROUGH	-
0201e1b8	5840	2	lb.z	lb.z r0,[r5 + 0x0]	FALL_THROUGH	-
0201e1ba	80f80d00	4	jne	jne r0,#0x0,0x0201e1d8	CONDITIONAL_JUMP	-
0201e1be	c0ff2065c401	6	mov	mov r0,#0x1c46520	FALL_THROUGH	-
0201e1c4	4116	2	mov	mov r1,r4	FALL_THROUGH	-
0201e1c6	623c	2	mov	mov r2,#0x9c	FALL_THROUGH	-
0201e1c8	80ff00ab0200	6	call	call 0x02048cce	UNCONDITIONAL_CALL	-
0201e1ce	c5ffbc65c401	6	mov	mov r5,#0x1c465bc	FALL_THROUGH	-
0201e1d4	4021	2	mov	mov r0,#0x1	FALL_THROUGH	-
0201e1d6	d840	2	sb	sb r0,[r5 + 0x0]	FALL_THROUGH	-
0201e1d8	c0ffbd65c401	6	mov	mov r0,#0x1c465bd	FALL_THROUGH	-
0201e1de	2000	2	csync	csync	FALL_THROUGH	-
0201e1e0	4120	2	mov	mov r1,#0x0	FALL_THROUGH	-
0201e1e2	8940	2	sb	sb r1,[r0 + 0x0]	FALL_THROUGH	-
0201e1e4	2000	2	csync	csync	FALL_THROUGH	-
0201e1e6	5904	2	pop	pop {pc,r9,r8,r7,r6,r5,r4}	TERMINATOR	-
0201e452	8016	2	mov	mov r0,r8	FALL_THROUGH	FUN_0201e254@0201e254
0201e454	6216	2	mov	mov r2,r6	FALL_THROUGH	FUN_0201e254@0201e254
0201e456	80ff72a80200	6	call	call 0x02048cce	UNCONDITIONAL_CALL	FUN_0201e254@0201e254
0201e45c	b4e04009	4	add	add r0,r4,r9	FALL_THROUGH	FUN_0201e254@0201e254
0201e460	085f	2	lb.z	lb.z r0,[r0 + -0x1]	FALL_THROUGH	FUN_0201e254@0201e254
0201e462	90f8cbee	4	jne	jne r0,#0xf7	CONDITIONAL_JUMP	FUN_0201e254@0201e254
0201e466	8016	2	mov	mov r0,r8	FALL_THROUGH	FUN_0201e254@0201e254
0201e468	bfea99fe	4	call	call 0x0201e19e	UNCONDITIONAL_CALL	FUN_0201e254@0201e254
0201e46c	bfeaf838	4	call	call 0x02005660	UNCONDITIONAL_CALL	FUN_0201e254@0201e254
0201e470	5904	2	pop	pop {pc,r9,r8,r7,r6,r5,r4}	TERMINATOR	FUN_0201e254@0201e254
0201e472	50ed7c09	4	lh.z	lh.z r0,[r7 + 0x9c]	FALL_THROUGH	FUN_0201e254@0201e254
0201e476	b4e04019	4	add	add r1,r4,r9	FALL_THROUGH	FUN_0201e254@0201e254
0201e47a	b4f00059	4	add	add r5,r0,r9	FALL_THROUGH	FUN_0201e254@0201e254
0201e47e	195f	2	_lb.z	_lb.z r1,[r1 + -0x1]	FALL_THROUGH	FUN_0201e254@0201e254
0201e480	91f849ee	4	jne	jne r1,#0xf7	CONDITIONAL_JUMP	FUN_0201e254@0201e254
0201e484	95f8583c	4	jne	jne r5,#0x9e	CONDITIONAL_JUMP	FUN_0201e254@0201e254
0201e488	06e1a06f	4	add	add r6,r6,#0xfa0	FALL_THROUGH	FUN_0201e254@0201e254
0201e48c	6018	2	add	add r0,r6	FALL_THROUGH	FUN_0201e254@0201e254
0201e48e	32e1fe9f	4	add	add r2,r9,#-0x2	FALL_THROUGH	FUN_0201e254@0201e254
0201e492	4116	2	mov	mov r1,r4	FALL_THROUGH	FUN_0201e254@0201e254
0201e494	80ff34a80200	6	call	call 0x02048cce	UNCONDITIONAL_CALL	FUN_0201e254@0201e254
0201e49a	6016	2	mov	mov r0,r6	FALL_THROUGH	FUN_0201e254@0201e254
0201e49c	bfea7ffe	4	call	call 0x0201e19e	UNCONDITIONAL_CALL	FUN_0201e254@0201e254
0201e4a0	bfeade38	4	call	call 0x02005660	UNCONDITIONAL_CALL	FUN_0201e254@0201e254
0201e4a4	2489	2	goto	goto 0x0201e538	UNCONDITIONAL_JUMP	FUN_0201e254@0201e254
02026d9e	14e1148a	4	add	add r4,r8,0x1a14	FALL_THROUGH	-
02026da2	6a23	2	mov	mov r2,#0xa3	FALL_THROUGH	-
02026da4	4016	2	mov	mov r0,r4	FALL_THROUGH	-
02026da6	0496	2	goto	goto 0x02026dd4	UNCONDITIONAL_JUMP	-
02026da8	0000	2	nop	nop	FALL_THROUGH	-
02026daa	4016	2	mov	mov r0,r4	FALL_THROUGH	-
02026dac	0000	2	nop	nop	FALL_THROUGH	-
02026dae	0000	2	nop	nop	FALL_THROUGH	-
02026db0	5844	2	lb.z	lb.z r0,[r5 + 0x4]	FALL_THROUGH	-
02026db2	d8ee0015	4	lb.z	lb.z r1,[r0 + r5]	FALL_THROUGH	-
02026db6	00a5	2	lsl	lsl r0,r0,0x5	FALL_THROUGH	-
02026db8	0118	2	add	add r1,r0	FALL_THROUGH	-
02026dba	10e19c82	4	add	add r0,r8,0x129c	FALL_THROUGH	-
02026dbe	d8ee11f0	4	sb	sb r15,[r1 + r0]	FALL_THROUGH	-
02026dc2	d1ec8016	4	ldw	ldw r1,r8,#0x160	FALL_THROUGH	-
02026dc6	c2ff80910000	6	mov	mov r2,#0x9180	FALL_THROUGH	-
02026dcc	2118	2	add	add r1,r2	FALL_THROUGH	-
02026dce	6220	2	mov	mov r2,#0x80	FALL_THROUGH	-
02026dd0	beea97ee	4	call	call 0x02004b02	UNCONDITIONAL_CALL	-
02026dd4	40e0ec01	4	movz	movz r0,#0x1ec	FALL_THROUGH	-
02026dd8	d8ee81f0	4	sb	sb r15,[r8 + r0]	FALL_THROUGH	-
02026ddc	b584	2	goto	goto 0x020274a6	UNCONDITIONAL_JUMP	-
02026dde	4320	2	mov	mov r3,#0x0	FALL_THROUGH	-
02026de0	8b40	2	sb	sb r3,[r0 + 0x0]	FALL_THROUGH	-
