a	b	a_len	b_len	diff_block_count	offset_start	offset_end	a_hex	b_hex
s1c3_selector	s1c4_v1_selector	96	88	4	10	11	95	35
s1c3_selector	s1c4_v1_selector	96	88	4	12	49	85f8171283fd154803fd1368f33cc8ff2065c40105e19c80584380f80a04e3e1a030851635	961686f81b1283fd194803fd1768f33cc8ff2065c40106e19c80684380f80e0407e1008a37
s1c3_selector	s1c4_v1_selector	96	88	4	50	86	06e19c50684080f801025116401680ff4aab020059045904590459045904590459045904	7d40e3e1a0308616361807e19c60784080f801026116401680ff40ab020000e19c408d40
s1c3_selector	s1c4_v1_selector	96	88	4	88	96	5904590459045904	
s1c3_selector	s1c4_v2_selector	96	88	3	10	11	95	35
s1c3_selector	s1c4_v2_selector	96	88	3	12	86	85f8171283fd154803fd1368f33cc8ff2065c40105e19c80584380f80a04e3e1a0308516351806e19c50684080f801025116401680ff4aab020059045904590459045904590459045904	961686f81b1283fd194803fd1768f33cc8ff2065c40106e19c80684380f80e043616e6e1a060861807e19c60784080f8050207e1008a37187d406116401680ff40ab020000e19c408d40
s1c3_selector	s1c4_v2_selector	96	88	3	88	96	5904590459045904	
s1c4_v1_selector	s1c4_v2_selector	88	88	2	44	53	07e1008a37187d40e3	3616e6e1a060861807
s1c4_v1_selector	s1c4_v2_selector	88	88	2	54	70	a0308616361807e19c60784080f80102	9c60784080f8050207e1008a37187d40
s1c3_producer	s1c4_v1_producer	174	188	4	4	13	9016e020f03d80f838	c0ffbd65c4012000b0
s1c3_producer	s1c4_v1_producer	174	188	4	14	27	c0ffbd65c4012000b00040e831	40e83d0020000516584280f807
s1c3_producer	s1c4_v1_producer	174	188	4	28	137	20000516584280f807005b4183f825004021d8422000048380f81f025b4103fd1c203616e6e1a060c7ff2065c401671806e19c704020e84070164116623c80ffccaa020020004021e8405b41c321db4183f8032020004022d84220004020d84020005904790459047904041649	5b4183f831004021d8422000048380f82b025b4103fd28203616e6e1a060c7ff2065c401671806e19c704020e840c0ff206fc401301801e19b401a408a404a3f9a4070164116623c80ffceaa0200483fe85f20004021e8405b41c321db4183f8032020004022d84220004020d8
s1c3_producer	s1c4_v1_producer	174	188	4	138	188	81f80bc4494181f808c6c5ffbd65c4014020d840d841d8422000401680ff54ffffff5904	200059047904590479040416494081f80bc4494181f808c6c5ffbd65c4014020d840d841d8422000401680ff46ffffff5904
s1c4_v1_producer	s1c4_v2_producer	188	188	0				
s1c4_v2_combined	s1c4_v3_combined	278	278	0				
