entry	reach
205918c	5
205e730	4
206034c	18
2061234	5
20613d4	7
20614c4	9
2061948	5
2061ac0	14
2061f5c	9
20627b8	18
2062874	11
2062948	35
2063598	6
2063740	20
2063bcc	6
2064380	4
2066c18	6
2066e08	10
20670a0	6
2067ac0	6
2067af4	4
2068270	14
2068428	7
20684a8	10
206860c	5
2068650	6
2068dd0	5
206910c	23
20691c4	36
2069a84	17
206a278	9
206a4f8	58
206a654	7
206a6b4	6
206a7e4	4
206b408	70
206b42c	87
206b4b0	39
206b6a0	102
206b80c	19
206b854	6
206bb0c	93
206be50	13
206c080	7
206c128	4
206c1e8	58
206c2ac	4
206c2f8	53
206c694	29
206c87c	6
206ce9c	22
206cee8	10
206d468	5
206d740	63
206d798	6
206dce8	8
206e13c	7
206e9ac	49
206f19c	6
206f2cc	5
2071158	53
207118c	4
20735e4	5
207375c	4
2073958	10
207448c	107
20744ac	5
20746b8	8
2074d58	4
2074d90	23
2074db0	23
2074e54	4
20756a4	36
2075900	47
2076234	8
20777d8	6
207795c	9
2077a40	18
207820c	37
207828c	12
2078568	4
2078670	11
2079500	8
207a7f4	8
207a834	14
207a8b4	9
207a9bc	4
207aabc	24
207b158	16
207b4dc	33
207b938	9
207c0a8	10
207ccd4	4
207d0dc	11
207d4bc	4
207d860	8
207d954	7
207dba0	48
207dbec	5
207de38	4
207e0b0	16
207e1e0	8
207e8ec	4
207e980	6
207ea58	5
207eb00	49
207ebc4	5
207ecb4	4
207eeb8	32
207f558	62
207f5e8	7
207f924	42
207f9f0	4
2080104	15
208035c	4
20803cc	7
2080468	4
2080e80	4
2080fd8	37
20811c4	16
208139c	12
2081498	16
2081790	20
2081e18	14
2082200	12
20823f4	16
2082668	18
20828a8	25
2082930	10
2082bb8	52
2082cf0	10
20830bc	4
2083380	5
2083440	12
208353c	12
2083690	37
20836fc	7
20837a0	14
2083d10	64
2083e14	127
20846fc	6
2084d00	9
2084d98	14
2085a60	10
2085d88	36
20860c0	11
20865a0	5
2086798	5
2086bc8	16
2086c00	6
2086d00	5
2086ed4	4
2087170	9
2087290	5
2087f68	27
2087fd4	5
2088afc	40
2088b50	39
2088be8	7
2088e38	10
2088e80	19
20891f4	20
20892b8	14
20892f8	7
208981c	7
20899a8	6
2089cfc	28
2089d3c	4
2089de8	5
2089e3c	36
2089ff0	4
208a0d4	5
208a708	9
208a8a0	11
208a8d8	35
208a984	48
208aa24	17
208b44c	6
208b67c	8
208cd0c	124
208d19c	8
208d24c	8
208d2c8	11
208d4a8	40
208d540	47
208d6b8	21
208d860	10
208e0cc	4
208e0f4	7
2090658	7
20909f0	5
2091520	4
2091a00	4
2093448	7
2093a8c	12
2093be8	10
2093fb4	6
2094600	5
